user_id,item_id,rating
235,80,4.4
34,92,2.4
167,74,1.0
94,13,4.4
27,50,2.6
110,44,3.1
262,21,3.7
169,58,4.6
202,53,5.0
353,2,5.0
39,43,5.0
424,63,3.9
355,26,5.0
132,32,4.0
79,13,3.4
392,41,1.0
490,69,1.0
286,47,5.0
8,65,1.0
339,1,4.4
433,69,1.0
358,15,4.2
205,62,1.8
68,61,3.5
18,82,1.0
490,16,4.7
45,0,5.0
496,82,3.7
190,0,3.0
53,29,4.3
433,81,3.4
67,12,5.0
53,41,1.5
392,22,1.5
208,57,2.8
195,28,2.4
432,40,3.1
185,37,3.1
153,80,3.2
170,99,3.9
449,40,1.1
347,13,4.3
204,43,2.7
130,51,1.2
369,46,3.7
330,68,2.7
204,61,4.6
473,37,3.3
375,47,5.0
430,18,2.6
245,27,5.0
254,94,3.3
331,9,4.8
474,78,1.0
74,97,4.5
433,66,3.6
323,59,4.5
12,6,5.0
323,53,2.7
141,19,5.0
310,33,4.8
491,71,3.9
194,45,4.1
471,3,1.0
337,49,5.0
146,99,1.0
89,76,3.3
473,83,3.8
312,5,5.0
228,28,1.0
466,81,2.0
207,57,3.3
151,11,3.1
98,36,1.9
154,92,4.7
190,91,2.9
480,77,5.0
410,73,1.0
25,87,1.2
26,90,3.9
208,38,1.3
15,7,3.4
225,70,4.4
298,56,1.8
357,6,5.0
207,75,2.3
50,65,1.9
200,35,1.8
38,79,3.8
217,54,4.8
75,20,2.6
45,36,5.0
335,79,3.5
0,8,1.8
382,82,2.0
18,53,3.0
256,46,4.2
3,33,5.0
302,56,1.6
173,40,1.9
96,2,5.0
227,99,1.1
20,58,2.7
263,92,2.1
252,40,1.0
446,45,1.8
367,24,3.6
232,80,3.9
225,71,1.5
117,52,4.4
52,20,5.0
130,28,3.7
67,71,2.7
25,84,2.4
6,30,2.4
25,0,1.0
59,5,5.0
56,1,1.0
451,90,5.0
465,11,3.8
238,7,1.1
451,48,2.5
468,39,1.0
72,8,5.0
198,54,3.0
317,18,4.3
251,78,4.2
290,8,1.5
315,4,4.9
258,58,4.6
161,25,5.0
306,12,5.0
169,81,4.9
143,5,5.0
414,84,5.0
175,81,4.4
372,5,5.0
106,17,3.7
317,4,5.0
452,63,5.0
336,64,1.0
340,88,5.0
74,21,5.0
101,13,3.9
101,49,4.5
61,59,5.0
407,13,3.5
167,8,1.3
71,86,3.7
32,22,5.0
35,68,2.4
240,93,2.3
33,82,2.9
318,90,3.0
82,27,5.0
221,40,4.8
310,24,3.8
344,12,5.0
120,89,3.4
57,11,5.0
189,92,4.4
174,63,3.1
195,76,1.2
16,70,1.5
328,84,5.0
285,16,2.6
223,90,3.5
89,16,5.0
22,11,2.4
287,89,3.6
459,51,1.0
62,81,2.7
430,49,3.8
104,70,3.7
146,8,1.0
255,68,3.1
275,15,3.7
263,21,1.0
253,12,5.0
20,5,5.0
294,39,2.8
313,42,1.9
125,69,1.0
230,48,1.0
50,13,3.3
182,93,3.6
499,23,4.3
78,9,4.2
480,12,5.0
159,21,3.9
11,27,1.0
450,3,1.0
111,18,3.3
23,64,1.1
107,73,4.7
45,77,4.1
95,28,1.0
138,37,4.7
287,90,4.5
486,32,2.0
191,71,2.7
340,58,3.9
175,12,5.0
79,91,1.0
14,87,4.1
429,92,3.2
35,71,1.0
334,8,3.8
122,54,5.0
144,67,4.2
321,71,1.0
22,31,1.0
321,47,2.3
447,36,5.0
303,5,5.0
387,73,1.0
313,62,1.0
272,53,2.7
357,19,5.0
293,65,2.0
405,34,5.0
119,33,3.2
185,33,3.8
106,22,4.5
397,59,5.0
212,78,2.6
290,44,3.9
250,74,1.0
247,80,4.9
180,58,1.0
231,64,2.4
338,62,3.5
278,94,3.7
124,21,1.0
435,13,3.7
48,37,2.7
27,84,3.0
247,51,2.6
56,82,1.3
134,15,1.0
283,98,2.2
45,84,5.0
210,85,5.0
472,80,5.0
205,35,5.0
342,11,2.7
434,85,4.9
158,85,4.5
371,54,1.0
122,46,5.0
191,53,4.3
346,99,4.3
399,79,2.2
466,11,2.0
299,20,2.9
302,97,1.0
460,30,5.0
10,49,3.4
300,50,2.4
365,10,5.0
219,55,2.8
136,94,1.4
171,21,1.0
199,78,5.0
233,59,4.1
334,78,4.2
9,27,5.0
198,21,4.4
294,52,5.0
458,88,5.0
317,27,5.0
1,37,1.0
245,52,5.0
419,31,2.8
391,61,5.0
183,97,3.4
474,64,1.0
432,79,2.6
445,78,3.6
349,45,2.6
144,95,5.0
158,45,2.0
52,18,3.2
23,84,3.7
54,70,5.0
18,84,2.5
40,69,2.6
445,5,5.0
376,67,4.6
116,61,5.0
494,10,1.0
281,64,5.0
335,38,2.6
5,3,1.0
492,19,2.6
121,41,2.6
115,64,3.2
86,78,3.6
40,61,5.0
138,69,3.0
474,9,1.2
119,21,3.1
30,74,1.0
309,20,5.0
153,28,3.0
328,16,5.0
232,53,2.8
238,31,1.0
342,48,1.0
263,74,1.0
132,85,4.4
233,45,2.3
212,3,1.1
325,21,2.7
63,61,5.0
134,62,1.0
297,22,5.0
413,16,5.0
427,13,3.9
108,90,3.2
299,28,1.0
22,79,1.9
356,73,1.7
212,81,2.4
477,15,3.6
406,87,2.8
212,80,4.0
492,70,1.0
119,90,3.3
126,60,1.0
407,91,2.2
435,69,1.0
102,36,3.1
371,15,1.0
174,18,2.2
318,84,3.0
81,3,1.0
260,38,1.3
397,92,5.0
421,1,1.3
110,4,2.0
3,62,3.9
447,33,5.0
165,49,5.0
427,28,2.9
412,97,1.0
403,65,4.7
345,65,1.8
200,66,1.0
375,78,5.0
215,32,3.8
2,98,2.6
82,53,5.0
111,29,4.9
458,51,3.3
391,15,4.4
331,40,4.3
306,80,4.5
446,55,2.5
385,58,1.2
46,82,2.7
286,67,4.4
30,78,2.1
389,23,4.2
271,26,5.0
292,9,3.8
347,17,3.7
368,5,5.0
465,19,5.0
173,29,1.1
246,1,2.6
280,62,1.1
223,75,2.6
339,74,2.9
367,80,4.2
44,11,3.9
218,56,5.0
202,39,5.0
10,57,2.5
91,1,2.6
447,16,5.0
281,41,2.4
489,67,3.4
22,35,4.9
400,49,5.0
66,27,2.5
231,43,3.4
360,69,1.0
416,46,2.4
306,47,3.6
472,47,5.0
179,18,2.2
396,76,4.4
488,92,3.7
450,95,5.0
158,35,5.0
273,14,1.0
279,31,2.1
21,87,3.6
325,70,3.5
407,82,2.1
275,7,2.6
36,44,5.0
138,32,5.0
252,47,1.1
53,90,4.4
239,68,2.0
81,27,3.2
348,19,5.0
285,12,1.5
470,14,5.0
351,13,2.8
429,98,1.0
238,24,1.0
272,5,5.0
431,91,3.6
48,88,5.0
21,21,3.1
417,1,1.0
164,48,2.8
18,90,1.1
418,95,3.7
304,13,2.2
280,32,2.6
170,82,2.1
317,49,5.0
194,28,5.0
321,73,1.0
430,63,3.4
218,17,5.0
148,50,3.6
442,52,5.0
1,68,1.0
476,21,4.3
36,6,5.0
97,74,1.0
205,41,1.0
345,95,5.0
113,57,5.0
39,94,5.0
285,26,1.0
137,57,2.6
232,34,3.2
197,88,4.6
131,43,5.0
103,92,5.0
39,59,5.0
159,50,4.5
320,82,2.4
332,57,1.4
345,25,5.0
57,73,3.2
83,90,3.8
91,18,2.8
145,89,4.4
71,22,5.0
87,39,1.0
425,53,1.0
444,38,3.1
315,99,4.7
328,22,5.0
154,70,3.4
175,17,5.0
35,91,1.0
456,86,5.0
101,7,2.8
4,35,5.0
276,1,1.5
63,48,1.7
59,42,1.8
348,57,5.0
248,69,1.0
227,75,1.0
176,76,3.7
371,64,1.0
239,61,5.0
360,76,2.8
175,15,3.3
7,18,4.6
208,90,3.2
490,47,3.8
168,78,4.1
28,81,1.0
137,29,3.0
465,47,3.4
498,36,4.8
16,75,1.8
103,77,5.0
330,31,1.0
67,90,4.8
211,25,5.0
50,27,3.0
147,5,5.0
61,32,4.2
456,33,5.0
7,14,5.0
316,44,2.7
402,17,4.0
137,68,3.4
271,70,4.9
495,53,5.0
34,27,2.7
243,20,4.3
254,68,3.0
121,52,5.0
274,68,3.8
314,43,2.2
213,18,1.0
388,80,5.0
250,78,1.7
268,75,1.2
125,90,2.8
310,7,3.5
483,28,2.8
462,29,5.0
44,0,3.9
489,70,3.5
266,0,5.0
4,29,3.4
288,10,1.0
234,13,5.0
153,1,1.6
94,48,1.7
288,92,1.2
457,49,5.0
347,37,2.8
267,16,5.0
299,15,1.0
375,85,5.0
69,24,2.2
227,47,1.8
177,56,2.5
219,93,3.8
302,35,5.0
435,8,2.2
226,48,1.0
351,34,2.8
161,36,3.9
440,43,4.3
145,74,2.6
379,80,1.6
387,12,1.5
323,68,3.4
337,28,4.9
353,0,5.0
471,6,4.6
381,1,1.2
148,32,4.2
314,92,3.9
386,84,3.3
286,86,4.4
71,37,2.7
428,97,3.0
445,17,3.5
310,26,5.0
399,56,3.1
358,44,5.0
301,98,3.3
152,39,1.0
354,16,5.0
259,54,4.5
208,31,1.0
417,80,3.2
393,80,4.2
17,51,3.2
65,74,3.5
330,60,2.6
410,38,1.0
315,89,4.2
356,48,1.0
209,41,1.6
16,66,1.5
145,85,5.0
27,28,2.8
16,40,1.3
193,80,5.0
403,97,5.0
141,52,3.2
12,23,5.0
345,6,5.0
425,35,3.2
352,66,5.0
237,90,2.5
138,2,5.0
351,24,2.8
323,58,2.5
174,78,2.1
34,17,3.4
198,17,3.9
91,50,3.7
226,56,2.1
11,34,1.0
72,39,4.7
97,72,4.3
109,74,1.0
481,68,5.0
261,97,1.3
196,9,2.5
310,98,2.4
421,74,1.0
338,11,3.6
295,60,2.6
26,53,5.0
318,11,2.4
372,17,4.7
89,96,3.8
293,87,2.6
486,68,1.6
118,31,2.8
209,52,4.6
84,92,2.8
212,9,1.3
255,6,4.9
357,26,5.0
294,37,3.7
70,73,2.4
190,55,3.1
46,23,3.9
281,81,5.0
377,40,3.2
368,96,3.1
426,57,2.7
83,25,5.0
136,90,2.9
444,42,3.5
137,86,3.0
355,33,4.8
433,70,4.1
418,88,3.5
141,61,5.0
445,13,4.9
482,73,1.0
48,28,3.8
323,12,3.1
308,89,1.7
135,87,4.3
123,40,4.3
56,61,4.5
444,80,4.9
384,91,2.1
106,52,3.6
432,68,3.9
117,16,4.6
56,36,1.6
444,72,5.0
116,2,5.0
363,91,2.0
469,95,3.5
195,8,2.4
366,96,3.0
461,23,2.2
409,99,5.0
305,32,2.4
310,50,2.8
181,11,3.3
68,80,2.1
333,48,1.0
130,16,3.9
447,99,5.0
150,19,5.0
387,15,1.0
415,80,4.0
171,12,1.6
16,46,1.0
352,10,5.0
58,9,4.2
358,28,4.2
299,7,1.0
93,17,2.2
395,45,3.3
225,89,3.1
275,26,5.0
389,20,4.8
381,60,2.5
243,11,2.0
281,17,5.0
158,75,2.2
294,15,4.6
94,90,4.5
493,80,3.5
295,84,3.3
200,4,1.0
358,33,3.8
381,96,2.0
238,5,4.2
451,21,3.2
428,17,4.0
30,52,2.1
252,61,3.5
126,30,1.1
115,12,4.6
24,44,1.7
386,3,1.2
142,39,1.0
140,14,1.7
187,30,1.0
143,68,4.5
323,77,3.6
495,67,5.0
221,46,3.6
209,92,5.0
394,0,1.0
220,11,5.0
384,81,3.8
294,10,5.0
174,75,2.2
215,74,1.4
203,86,1.8
302,62,1.0
229,81,3.2
373,39,1.0
152,7,2.3
208,59,3.6
71,33,2.9
226,77,3.1
352,19,5.0
164,68,4.7
107,56,5.0
346,4,4.1
186,31,1.7
143,9,4.7
225,26,4.6
409,35,5.0
349,62,1.0
292,84,4.0
491,70,5.0
382,24,3.3
381,64,1.0
103,98,2.4
51,30,4.1
22,98,1.3
476,46,4.1
13,65,1.0
451,79,3.5
26,15,3.3
165,10,5.0
28,35,3.0
387,76,1.0
489,81,3.2
343,28,3.6
290,6,5.0
30,2,2.8
425,90,1.0
365,27,4.4
351,14,1.5
348,69,3.4
85,51,1.0
247,67,3.7
271,71,3.2
279,46,4.7
453,16,4.0
282,38,1.0
195,80,3.5
110,22,2.5
109,4,1.7
53,95,5.0
236,97,2.7
378,96,2.8
409,34,4.4
447,19,5.0
59,82,3.1
214,11,4.1
488,35,5.0
135,78,4.0
430,48,1.1
479,89,2.6
16,3,1.0
6,50,3.2
241,55,2.1
335,11,3.3
432,34,3.9
475,22,3.6
109,65,1.0
262,14,3.6
42,96,4.0
375,33,5.0
407,30,2.1
21,14,2.7
455,30,4.5
73,5,4.1
248,94,4.4
263,97,1.0
233,37,1.2
81,11,2.8
306,55,2.9
278,32,2.9
335,94,3.7
483,90,2.1
94,2,4.1
190,22,4.3
404,51,3.5
178,54,5.0
176,96,2.6
329,11,3.8
496,56,2.8
204,78,2.1
99,51,5.0
8,60,3.1
444,48,2.3
259,55,4.3
446,33,2.1
430,81,3.6
115,91,2.1
168,20,5.0
72,9,5.0
129,22,5.0
49,43,1.9
207,94,2.9
197,86,2.7
497,6,3.8
385,38,1.0
244,16,4.3
248,6,5.0
427,57,2.6
121,5,5.0
64,74,2.5
109,40,1.0
337,67,5.0
484,40,1.4
43,21,2.5
168,64,2.7
133,30,2.5
70,59,5.0
151,27,3.5
86,32,4.1
295,18,1.8
327,72,4.3
462,25,5.0
204,51,1.1
166,69,1.2
14,73,1.2
184,14,1.0
65,7,5.0
437,46,1.1
484,58,1.7
222,24,1.3
284,99,3.5
18,46,2.1
325,53,3.7
433,63,3.8
309,70,3.1
179,69,1.1
23,78,1.0
401,61,5.0
182,6,5.0
417,97,1.2
490,92,3.1
172,47,4.7
194,84,5.0
72,80,5.0
183,67,5.0
447,90,5.0
404,11,5.0
352,86,5.0
126,64,1.0
337,54,4.8
65,39,3.1
461,37,1.7
150,37,3.1
488,83,2.7
11,66,1.0
388,27,4.4
3,45,5.0
256,93,4.2
153,93,2.8
62,72,4.6
56,25,3.1
418,49,2.8
116,81,4.7
51,23,3.7
456,68,5.0
156,88,2.8
69,98,1.0
427,56,3.9
477,40,3.9
148,10,4.1
103,91,2.1
155,91,2.4
111,26,5.0
26,49,5.0
119,12,4.1
430,87,3.5
174,98,1.3
376,9,4.0
480,43,4.6
162,99,2.4
326,19,5.0
202,37,5.0
291,69,1.0
494,22,1.0
76,68,2.1
487,10,3.6
493,67,3.3
102,97,2.2
17,63,5.0
208,30,2.6
416,68,1.9
347,20,5.0
483,56,1.4
22,2,2.3
336,74,1.0
103,13,3.9
304,80,2.1
229,30,3.0
402,20,4.6
106,69,1.0
202,92,5.0
185,84,4.9
311,5,3.3
233,96,2.0
465,72,4.2
91,3,1.7
312,63,4.5
293,99,3.5
299,79,1.0
359,67,3.3
125,44,4.6
464,81,2.5
396,98,2.5
229,92,3.9
267,22,5.0
231,36,3.7
246,97,2.0
421,5,5.0
361,12,4.3
24,72,1.7
323,55,2.4
185,42,1.7
254,83,3.8
429,44,3.7
93,95,4.7
115,2,3.8
184,6,2.5
471,13,2.4
206,73,1.6
208,6,5.0
55,16,5.0
251,32,5.0
158,0,2.7
460,32,5.0
113,67,5.0
213,11,2.6
465,77,3.9
362,57,4.3
93,81,3.6
388,68,4.0
471,30,1.8
458,8,3.8
465,96,1.4
54,85,5.0
286,14,4.7
471,37,1.0
195,18,1.0
388,59,5.0
278,58,3.6
388,86,3.7
407,58,2.0
482,44,1.5
191,36,4.6
209,39,2.1
393,35,4.5
175,76,3.9
397,58,4.9
374,26,4.8
160,63,5.0
108,53,2.8
403,21,5.0
243,8,1.0
480,68,4.7
166,35,5.0
124,46,1.5
365,94,3.0
354,69,1.0
440,82,2.5
285,41,1.0
391,44,5.0
319,54,1.6
279,38,3.9
470,28,5.0
345,22,5.0
425,16,2.3
198,59,4.4
261,43,2.3
497,54,2.1
242,61,5.0
439,76,1.0
175,38,4.0
203,19,4.3
341,60,4.6
377,21,2.3
270,73,2.8
155,27,5.0
453,57,2.2
473,40,4.0
150,99,5.0
151,95,4.8
35,12,2.2
360,28,3.6
423,43,5.0
28,22,1.2
349,8,1.8
393,45,2.7
179,47,3.8
82,37,3.6
459,39,1.0
376,34,4.5
292,66,3.4
238,28,1.2
263,93,1.0
462,30,5.0
309,52,2.4
362,93,4.2
227,71,1.0
308,44,3.7
237,31,1.0
244,74,1.0
255,94,3.3
341,10,5.0
481,86,5.0
342,90,2.3
102,71,1.0
403,25,5.0
102,49,3.1
289,82,1.0
11,32,1.0
374,80,4.9
250,57,2.4
426,46,2.8
356,77,3.8
271,7,5.0
459,74,1.0
356,13,3.9
98,24,2.4
368,11,3.8
57,50,4.5
476,59,5.0
50,64,2.1
200,3,1.0
397,37,3.6
164,3,1.5
189,27,2.8
470,66,5.0
223,43,3.2
124,76,1.9
340,8,3.7
287,44,5.0
7,60,5.0
487,23,3.6
68,7,1.5
347,91,2.0
81,15,2.0
446,74,1.0
80,32,4.8
489,17,3.3
227,80,2.4
349,16,5.0
47,43,2.5
48,86,3.8
330,29,2.4
52,0,4.8
242,97,1.7
403,22,5.0
159,2,5.0
450,70,3.5
334,89,3.6
151,60,2.8
17,12,5.0
38,86,2.5
413,82,3.2
282,73,1.0
396,6,4.6
315,19,5.0
156,20,3.4
385,3,1.0
272,97,1.0
339,29,5.0
358,29,5.0
46,41,1.2
166,59,5.0
491,53,5.0
104,57,4.3
54,99,5.0
164,50,3.5
440,56,3.3
108,11,2.7
87,45,1.6
481,72,5.0
42,91,3.6
324,35,5.0
453,17,3.2
76,59,3.1
236,70,5.0
278,35,5.0
265,54,1.8
278,47,3.5
125,65,2.5
477,48,1.9
104,63,4.2
164,12,5.0
404,86,5.0
266,95,5.0
438,98,3.3
462,40,5.0
475,4,3.1
353,85,5.0
167,57,2.2
59,0,3.3
215,53,4.3
22,20,5.0
48,79,4.0
484,60,2.1
280,35,5.0
185,75,2.7
252,78,1.0
248,51,2.7
189,24,1.6
334,57,4.2
75,30,1.1
312,76,4.2
227,26,2.8
35,19,3.6
179,37,2.6
270,96,2.2
211,10,5.0
478,54,3.1
45,5,5.0
262,64,3.6
275,84,2.9
496,96,2.8
122,96,4.5
97,28,3.2
86,79,3.0
220,8,5.0
253,16,4.8
456,84,5.0
33,72,4.9
177,3,1.8
33,0,3.4
171,32,1.0
182,22,4.2
98,45,2.0
84,98,1.0
319,35,5.0
257,26,5.0
313,19,4.9
247,28,4.9
33,75,2.8
137,74,1.0
110,7,1.7
275,51,2.6
393,16,3.7
233,54,2.4
402,14,1.7
309,63,2.2
21,93,3.4
47,26,3.3
276,24,3.2
293,24,3.7
490,76,3.3
458,63,3.3
317,36,4.7
338,29,4.2
475,33,4.2
1,86,1.0
72,70,5.0
369,73,2.1
331,68,4.0
254,27,3.7
322,99,2.4
337,65,3.2
450,17,2.6
156,6,3.4
378,97,2.6
164,27,4.2
443,85,4.5
439,96,1.0
301,9,3.9
114,43,5.0
356,91,1.8
439,28,1.9
480,20,5.0
243,15,1.0
416,61,4.4
430,50,3.3
68,30,2.1
83,95,5.0
398,0,3.5
492,10,1.9
379,76,1.0
95,82,1.0
468,42,1.0
346,23,5.0
216,91,2.2
60,92,3.8
397,55,4.1
271,30,4.9
287,62,3.6
497,16,2.1
453,67,2.9
300,81,3.6
377,58,1.8
99,77,5.0
273,36,1.0
318,56,1.0
155,34,4.7
381,31,1.0
75,60,1.7
486,36,1.7
58,48,2.5
492,49,2.9
156,82,1.0
266,14,5.0
323,9,2.6
138,28,5.0
378,54,3.2
198,78,3.1
347,81,5.0
156,98,1.0
456,2,5.0
386,88,5.0
165,5,5.0
266,91,4.7
54,11,4.9
334,27,4.6
222,46,1.0
267,20,5.0
112,55,4.9
195,90,2.3
46,77,4.3
483,62,1.0
186,86,3.6
424,44,4.6
339,72,5.0
392,48,1.0
250,63,2.5
48,54,3.5
343,46,3.6
403,70,5.0
425,44,2.0
132,93,3.1
130,92,3.6
263,19,4.5
176,79,3.4
475,26,4.3
174,56,2.5
212,74,1.0
217,3,2.6
276,94,2.2
75,50,1.0
235,71,1.2
381,47,3.4
92,58,5.0
157,59,3.7
271,52,5.0
484,8,2.0
203,15,1.0
209,38,5.0
98,56,1.2
497,12,2.1
235,78,1.0
14,9,2.4
486,10,2.7
7,59,5.0
292,64,3.0
398,93,3.5
292,20,5.0
122,6,5.0
62,55,1.8
410,85,2.3
351,3,1.0
285,98,1.0
89,66,5.0
63,53,3.2
217,77,4.5
157,95,5.0
90,13,3.5
197,92,3.1
364,82,1.0
472,78,5.0
410,2,1.1
396,72,5.0
238,12,1.4
266,75,4.1
176,56,3.4
18,49,2.9
58,40,4.2
469,75,1.0
456,22,5.0
288,28,1.0
62,14,1.9
202,30,5.0
466,0,1.3
49,67,1.9
353,74,3.3
20,0,2.3
329,49,4.9
396,44,4.9
104,21,3.6
193,34,5.0
491,45,4.8
177,54,3.2
274,38,1.3
447,82,4.8
15,0,3.0
264,5,5.0
199,99,5.0
37,24,4.8
300,78,3.1
459,21,1.0
265,7,1.4
449,68,2.1
154,83,4.2
35,79,1.8
307,14,4.2
160,48,5.0
293,20,4.7
461,44,3.3
83,48,1.4
94,26,4.9
277,81,2.7
386,47,3.2
156,57,1.0
140,0,1.6
90,24,2.1
142,66,1.6
427,62,1.9
88,18,1.4
437,85,3.3
112,51,3.7
193,10,5.0
425,65,1.0
258,40,5.0
453,43,2.8
98,74,1.0
204,14,1.9
325,68,3.0
342,78,1.9
95,32,1.0
269,37,2.2
251,26,5.0
245,12,5.0
301,90,5.0
399,34,4.0
345,68,4.8
364,39,1.0
478,45,2.2
362,58,4.4
231,99,4.4
358,7,3.9
345,11,4.2
233,94,2.6
393,91,1.8
272,68,2.0
121,12,5.0
13,67,2.5
291,53,1.0
18,88,3.6
366,59,4.8
205,95,5.0
339,8,5.0
267,99,5.0
427,16,5.0
301,6,5.0
423,87,5.0
289,38,2.0
77,83,1.9
40,94,5.0
28,25,1.9
407,20,4.6
371,97,1.0
133,43,3.2
183,80,5.0
4,28,2.8
19,60,4.5
126,45,1.0
460,65,3.6
245,0,5.0
272,48,1.0
205,38,2.8
225,58,3.0
397,29,5.0
455,89,3.9
377,99,4.6
297,75,3.9
487,20,4.6
421,31,1.0
446,39,1.0
93,99,2.6
413,57,2.9
29,31,2.2
414,56,3.4
394,85,1.0
102,18,2.1
361,81,2.5
199,54,5.0
346,91,3.0
53,25,5.0
411,92,3.8
457,26,4.4
488,48,1.0
134,67,1.0
26,93,3.9
229,29,3.8
196,54,2.5
364,52,1.0
241,6,5.0
32,44,5.0
126,10,1.3
238,6,2.7
360,84,3.4
50,34,3.4
73,42,1.0
4,74,1.0
57,27,5.0
204,92,2.0
129,34,5.0
139,56,2.3
413,48,2.1
207,73,2.2
24,29,1.0
75,48,1.0
49,36,2.5
189,61,5.0
276,78,2.1
340,78,3.7
259,5,5.0
327,37,1.7
384,56,2.6
397,62,3.8
43,85,3.8
28,4,1.3
290,49,2.8
371,84,1.9
175,34,5.0
344,5,5.0
328,43,5.0
352,23,5.0
42,19,5.0
417,34,2.0
348,42,4.1
34,48,1.0
263,34,2.2
439,60,1.9
201,94,5.0
88,94,2.3
206,90,1.6
251,49,5.0
410,20,3.3
305,68,3.1
303,76,2.6
220,21,5.0
72,24,5.0
223,88,4.5
435,88,4.6
236,43,4.1
91,26,5.0
463,70,2.1
114,36,4.3
3,83,4.9
156,49,3.3
244,81,1.7
459,44,4.4
100,58,4.8
134,24,1.0
82,42,4.3
287,15,2.3
491,28,5.0
6,17,3.4
411,45,2.0
266,82,3.9
298,32,3.3
408,71,1.0
89,2,3.7
237,63,2.1
176,69,1.0
57,49,5.0
160,64,5.0
420,76,1.0
482,66,1.4
9,1,3.6
437,32,2.2
257,28,4.9
364,99,1.0
475,49,3.6
135,2,5.0
398,94,3.5
38,58,3.0
408,99,3.6
30,33,2.8
208,51,1.0
56,94,2.1
225,35,5.0
355,4,3.3
33,26,4.7
122,7,4.7
244,51,1.0
362,13,4.8
36,43,5.0
316,87,1.5
330,77,3.8
297,34,4.7
442,57,3.7
366,54,3.3
72,11,5.0
343,82,2.5
219,86,3.2
201,43,5.0
314,14,2.5
444,98,2.7
427,49,3.9
359,40,4.7
288,53,1.0
443,0,2.3
472,69,2.7
398,57,3.7
210,43,5.0
394,63,1.0
280,25,3.5
96,28,5.0
133,83,1.4
224,25,1.3
249,71,3.5
217,98,3.0
308,10,3.1
168,23,4.4
198,34,4.3
285,51,1.0
476,68,5.0
461,77,3.8
233,78,2.6
432,6,5.0
225,74,1.2
353,42,4.9
379,14,1.0
146,73,1.0
9,21,4.5
106,77,5.0
152,77,3.6
154,53,3.7
59,90,3.8
213,92,3.4
449,82,1.7
145,41,2.8
253,1,2.6
373,26,5.0
356,37,1.0
27,41,1.0
232,19,5.0
58,31,2.6
351,52,3.0
445,65,2.8
76,38,1.5
82,95,5.0
389,83,3.2
365,79,3.8
319,89,1.5
72,26,5.0
164,14,3.6
428,92,5.0
419,19,5.0
102,23,3.5
239,48,1.0
367,18,2.2
496,74,1.6
393,59,4.2
481,10,5.0
412,72,2.6
264,30,3.2
316,79,1.0
355,20,5.0
50,36,3.0
141,55,2.2
122,43,5.0
100,65,2.1
20,15,1.9
470,41,3.5
103,36,5.0
18,12,2.2
236,81,5.0
117,35,5.0
437,64,1.0
266,93,4.7
451,43,4.5
404,12,5.0
159,0,3.7
327,69,1.0
230,82,1.0
178,99,5.0
305,1,1.6
45,51,2.7
149,46,3.2
47,35,5.0
471,91,1.0
399,87,2.9
90,3,1.0
74,5,5.0
146,76,1.1
245,49,5.0
487,12,3.8
73,63,1.6
259,18,4.5
77,51,1.0
254,1,1.6
11,93,1.0
331,88,5.0
164,81,5.0
96,48,5.0
493,43,3.4
205,57,2.6
143,40,4.4
307,91,3.5
361,52,3.8
273,8,1.0
369,38,4.0
154,5,5.0
205,85,4.0
94,41,1.3
379,53,1.7
256,38,3.8
48,60,3.7
385,26,1.3
267,88,5.0
5,80,1.9
329,80,5.0
143,11,5.0
106,18,2.3
96,65,4.2
298,95,5.0
160,40,5.0
144,32,2.8
475,86,3.2
169,2,4.5
274,10,4.9
306,8,2.2
481,99,5.0
364,90,1.0
289,44,3.4
488,6,4.8
45,37,3.6
450,48,1.0
148,84,4.2
378,18,1.9
20,17,3.4
478,67,3.0
292,6,5.0
471,21,1.3
306,9,3.2
193,7,5.0
454,67,5.0
109,2,1.1
169,48,2.4
459,94,1.7
449,8,1.7
429,0,1.9
203,45,1.0
83,13,4.7
475,28,3.4
424,88,5.0
229,26,4.4
236,18,2.2
294,47,5.0
426,65,2.5
373,17,3.1
77,8,1.1
147,95,5.0
71,51,3.0
394,19,2.1
439,17,2.3
187,93,1.0
275,64,1.9
467,89,3.7
28,68,1.2
361,38,1.8
296,71,1.3
174,26,3.5
325,19,4.5
85,21,1.2
436,73,1.0
419,21,4.1
233,2,2.8
321,37,1.0
404,98,4.2
493,49,4.4
481,30,5.0
419,3,3.2
302,10,3.1
15,43,3.2
178,38,5.0
242,5,5.0
149,91,2.2
212,41,1.0
201,17,5.0
442,68,3.6
376,42,2.5
69,11,1.6
328,8,4.8
66,72,3.4
372,11,3.9
397,73,4.1
38,5,5.0
54,36,4.5
263,94,1.0
125,4,2.9
499,15,3.3
450,31,1.0
114,77,5.0
192,96,2.8
355,19,5.0
337,44,5.0
382,15,1.7
254,72,4.9
397,97,4.1
284,61,4.9
134,86,1.0
380,32,3.8
399,6,4.5
59,60,5.0
124,71,1.0
433,84,4.0
370,89,3.2
332,58,1.5
185,47,5.0
193,32,5.0
456,9,5.0
324,82,2.9
29,49,4.7
436,36,1.0
28,86,1.0
48,1,3.5
138,74,3.8
411,13,3.6
202,29,5.0
388,99,3.4
135,68,5.0
2,20,5.0
179,75,3.2
403,43,5.0
207,76,3.1
441,6,5.0
159,13,5.0
205,14,1.9
495,56,4.9
326,81,5.0
374,84,4.0
305,74,1.0
476,79,4.5
339,28,5.0
58,85,5.0
87,24,1.4
330,69,1.0
117,72,4.8
415,47,4.2
58,13,5.0
476,40,4.4
468,85,2.6
17,35,5.0
42,94,5.0
81,56,1.7
243,68,2.0
72,76,5.0
234,53,5.0
83,49,4.8
61,75,3.2
421,32,2.1
190,82,3.4
431,43,4.3
143,4,4.8
24,38,1.0
165,68,5.0
316,98,1.0
132,90,3.5
497,91,1.0
445,98,3.5
496,12,5.0
369,62,3.2
356,45,1.8
351,43,2.6
169,92,5.0
459,6,4.8
462,34,5.0
235,26,3.0
270,6,5.0
31,40,1.7
281,3,2.4
413,56,3.6
309,69,1.0
198,90,3.0
209,42,3.3
123,69,1.4
174,31,1.6
294,26,5.0
290,67,2.9
256,36,5.0
50,98,1.8
295,95,5.0
384,71,1.6
205,52,4.0
330,46,2.2
212,40,2.8
90,28,2.6
248,70,4.7
340,26,4.7
268,0,1.8
115,0,4.0
447,43,5.0
389,69,1.0
413,3,2.3
197,63,1.4
322,65,1.0
7,89,5.0
181,81,3.1
167,76,1.6
99,69,3.0
256,26,5.0
91,82,2.0
387,41,1.0
474,74,1.0
295,33,2.4
60,63,3.7
15,17,4.0
240,28,3.6
77,16,4.7
158,67,3.0
131,60,5.0
117,55,2.5
497,66,1.0
97,51,1.9
178,60,5.0
480,39,2.3
436,32,1.2
122,92,5.0
288,90,1.0
196,23,2.8
45,12,5.0
137,25,3.0
65,14,5.0
85,8,1.0
92,0,4.6
85,38,1.5
186,18,2.4
68,43,1.0
174,59,5.0
159,95,5.0
118,34,5.0
172,56,3.9
30,38,1.9
378,30,4.3
317,20,5.0
344,47,5.0
328,55,5.0
373,58,3.3
207,69,1.0
363,58,3.5
261,61,5.0
199,45,5.0
475,20,5.0
10,85,2.7
68,98,1.0
391,56,4.4
402,49,3.5
471,90,1.1
399,88,4.8
147,16,4.2
490,87,3.0
67,30,4.8
245,14,5.0
257,17,5.0
171,91,1.0
27,89,2.8
441,91,2.3
270,82,3.7
26,27,4.8
71,79,5.0
163,58,1.5
92,67,5.0
183,8,4.1
326,87,5.0
338,8,4.3
18,60,2.5
340,92,4.6
214,80,5.0
203,98,1.0
397,1,4.1
463,36,2.9
461,45,3.4
53,87,4.4
317,93,5.0
408,29,3.1
70,66,5.0
104,66,4.7
337,56,3.6
103,51,2.9
475,40,2.6
327,54,3.2
194,76,3.7
208,64,1.7
178,45,5.0
486,55,2.3
59,22,5.0
246,65,1.2
12,27,5.0
414,24,3.6
431,39,1.7
317,21,4.8
14,94,3.4
257,15,3.3
202,79,5.0
269,47,5.0
244,79,2.2
110,92,3.4
435,12,4.0
267,72,5.0
315,32,5.0
118,92,5.0
45,13,5.0
399,48,1.0
225,91,1.7
375,70,5.0
335,4,4.1
27,74,1.0
449,31,1.0
235,31,1.0
347,47,4.5
461,10,3.8
131,25,5.0
468,8,1.0
405,1,4.5
89,88,5.0
262,15,2.3
56,79,1.7
76,74,1.0
335,46,3.5
452,72,5.0
132,64,2.5
69,61,4.3
197,27,3.5
154,47,4.3
328,63,4.9
254,42,2.0
329,14,3.5
9,83,3.6
445,82,3.6
87,47,2.6
402,36,3.1
332,10,3.2
63,4,3.2
234,79,4.4
204,20,4.2
292,36,4.6
430,58,3.5
108,79,1.9
54,15,2.4
262,70,3.6
63,88,5.0
454,27,5.0
220,42,3.9
425,51,1.0
239,53,1.5
193,90,5.0
365,33,4.6
63,97,2.6
416,26,2.8
357,72,5.0
104,34,4.0
254,59,5.0
162,88,3.2
237,62,1.0
230,26,4.0
295,17,2.2
319,59,2.6
149,69,1.0
148,58,3.1
169,90,5.0
19,88,5.0
261,85,4.4
207,55,2.9
248,79,3.6
42,79,5.0
490,73,1.9
265,66,2.7
102,40,3.0
359,83,3.3
370,49,5.0
188,66,5.0
208,56,2.2
61,51,1.1
154,39,1.4
347,92,4.9
298,65,1.5
297,4,4.5
129,41,2.7
282,9,1.0
3,40,5.0
261,67,3.4
85,72,4.8
376,70,4.5
123,35,5.0
333,21,1.5
413,77,5.0
199,44,5.0
21,38,1.7
82,78,4.2
230,45,1.3
494,76,1.0
117,91,2.1
399,8,1.1
71,12,5.0
451,66,4.9
108,47,3.8
95,54,1.0
160,31,4.3
21,58,2.6
25,47,2.9
24,83,1.0
187,71,1.0
328,91,4.8
37,22,5.0
278,3,2.2
258,77,5.0
274,12,3.5
207,40,4.2
271,83,4.9
55,53,5.0
308,39,1.0
403,12,5.0
93,5,5.0
398,58,2.8
476,28,5.0
397,32,5.0
7,80,5.0
392,23,1.0
142,77,2.0
135,37,3.5
290,0,2.0
184,75,1.0
237,70,1.9
3,38,4.2
141,63,2.7
55,17,4.1
404,14,4.8
93,84,2.7
76,73,1.0
103,93,4.9
208,91,1.1
410,45,1.5
482,37,1.0
447,5,5.0
68,71,1.0
54,60,4.9
325,32,3.5
407,39,1.0
120,76,3.5
347,45,3.7
119,11,3.7
37,26,5.0
66,50,1.0
36,91,4.2
343,52,3.6
422,81,4.5
431,3,2.7
289,3,1.0
257,22,5.0
415,42,1.8
189,89,1.9
172,20,5.0
347,77,5.0
433,39,1.3
268,5,3.7
121,99,5.0
255,97,1.3
167,67,1.6
86,1,2.8
345,62,2.8
286,5,5.0
76,8,1.0
414,2,3.8
180,89,1.4
415,91,1.3
37,59,5.0
205,5,5.0
204,22,3.0
435,35,5.0
218,45,5.0
450,46,3.2
294,18,3.3
215,21,2.5
85,11,2.0
336,59,3.3
295,23,3.3
172,46,4.2
174,94,1.8
441,98,2.5
255,39,1.0
317,29,5.0
458,18,3.5
97,21,2.9
62,84,4.0
63,49,4.2
292,58,4.1
378,60,3.2
222,53,1.0
408,98,1.0
236,32,4.0
36,4,5.0
198,6,5.0
315,55,3.6
79,22,2.5
344,20,5.0
417,48,1.0
136,54,2.2
31,71,1.0
310,14,3.2
226,69,1.0
135,45,5.0
103,85,5.0
392,44,2.1
194,77,4.6
252,58,1.0
168,92,5.0
174,23,2.9
260,65,1.0
17,72,5.0
7,48,4.8
174,7,2.9
339,30,4.4
220,22,5.0
382,5,5.0
485,52,3.1
303,26,4.3
180,34,2.5
364,91,1.0
149,97,2.8
203,85,3.1
251,40,5.0
296,19,5.0
25,86,1.3
259,98,3.0
101,68,3.7
259,58,4.0
106,88,5.0
254,21,2.4
106,42,1.9
370,76,3.6
64,82,4.3
245,9,5.0
25,79,1.3
94,67,3.9
51,97,3.0
200,63,1.0
446,24,2.1
207,46,3.4
149,4,4.1
190,58,3.0
26,24,3.6
363,84,3.3
330,5,5.0
260,51,1.0
38,10,4.7
379,73,1.0
300,24,3.0
10,37,1.0
453,45,1.8
255,90,3.7
494,30,1.0
86,10,5.0
96,84,5.0
467,57,4.3
342,22,3.2
422,85,5.0
183,55,4.2
463,39,1.0
355,91,2.4
88,64,1.7
398,59,4.9
319,0,2.1
234,42,4.0
167,50,2.6
431,86,3.5
362,63,4.0
50,87,3.5
478,96,1.9
270,53,3.9
305,55,1.7
296,20,4.6
144,29,3.5
434,34,5.0
382,64,2.6
369,36,3.6
375,67,5.0
31,5,4.3
54,68,5.0
404,82,5.0
143,3,3.1
293,33,3.2
442,59,5.0
227,8,1.0
103,34,4.6
185,85,4.6
128,74,1.4
61,57,4.2
483,20,4.6
326,46,4.8
328,90,4.8
26,42,2.3
120,3,2.2
363,69,1.0
76,14,2.1
458,83,3.8
477,32,3.7
278,66,3.5
301,23,4.8
55,85,4.9
261,30,2.9
62,79,2.7
377,51,1.3
80,58,4.0
218,44,5.0
232,30,3.2
424,61,5.0
497,79,1.7
190,76,3.6
411,66,3.5
231,31,1.1
259,27,5.0
100,0,4.2
285,77,2.0
237,50,1.8
93,77,2.2
9,91,3.5
117,77,4.3
312,94,3.8
55,51,4.1
121,40,5.0
83,27,4.1
446,81,2.7
469,90,1.0
140,26,2.9
81,99,2.4
124,7,1.5
147,4,3.4
40,40,5.0
229,79,3.1
430,84,3.7
47,33,2.6
237,47,3.0
386,72,5.0
305,62,1.7
395,0,3.5
71,89,3.7
64,51,2.4
447,49,5.0
143,62,2.9
51,31,1.2
236,1,1.9
185,55,3.6
175,77,5.0
17,95,5.0
37,39,1.5
28,83,1.0
290,86,2.8
384,50,2.7
8,77,3.8
157,24,2.3
81,14,1.3
36,95,5.0
424,69,1.0
437,96,1.1
307,65,4.0
370,34,3.1
496,62,2.4
5,51,1.0
427,10,4.9
439,34,1.6
104,14,3.3
93,55,1.6
278,6,5.0
327,98,1.0
257,69,2.0
459,52,3.1
34,91,1.0
360,1,1.4
442,71,2.5
195,82,1.4
81,98,1.0
390,37,2.4
278,4,2.6
271,54,5.0
326,3,4.2
102,79,2.9
269,16,5.0
58,50,4.5
257,64,4.8
415,4,3.1
458,33,4.5
13,76,2.9
367,47,4.6
2,67,4.1
220,74,2.8
80,69,1.0
467,40,4.1
396,61,5.0
0,23,3.0
220,36,5.0
143,73,3.7
442,15,3.7
326,57,5.0
481,85,5.0
457,1,3.1
343,60,4.1
215,97,2.8
155,90,3.8
78,80,4.6
152,25,4.6
195,52,2.7
218,54,5.0
68,92,2.3
411,1,1.0
22,15,1.5
35,83,1.7
385,78,1.0
159,78,4.7
214,56,3.8
309,36,3.7
298,78,2.0
188,58,4.6
4,47,3.3
312,98,1.4
185,34,4.2
335,73,3.3
422,6,5.0
240,55,2.3
280,56,2.5
96,98,4.8
47,84,2.0
69,87,1.6
490,68,2.6
435,80,4.3
62,16,5.0
359,28,4.3
390,27,4.4
256,28,3.8
72,10,5.0
460,95,5.0
84,94,1.2
336,35,5.0
262,66,4.5
73,46,1.0
190,98,2.2
63,21,3.6
423,82,4.7
123,53,3.9
164,96,3.8
145,8,3.4
233,38,2.4
142,47,2.4
294,40,5.0
62,87,3.1
0,30,3.0
248,59,5.0
122,65,2.6
254,24,3.9
329,95,5.0
399,2,1.8
219,99,3.9
294,49,5.0
99,11,5.0
228,83,1.0
47,34,2.1
302,96,1.0
293,21,1.5
404,34,5.0
192,8,2.6
409,58,3.9
296,57,2.9
332,24,2.0
251,53,5.0
445,70,4.2
462,94,4.7
11,92,1.0
321,10,3.2
459,73,1.0
228,82,1.0
137,87,3.2
208,61,4.7
314,87,3.5
322,14,1.0
109,98,1.0
422,51,2.4
450,91,1.4
95,98,1.0
272,94,2.3
88,10,3.6
436,21,1.0
102,74,1.0
482,33,1.2
434,91,2.2
313,71,1.4
262,62,2.7
96,99,5.0
274,92,3.9
159,68,5.0
135,17,5.0
350,61,5.0
54,40,5.0
375,9,5.0
230,14,1.0
290,17,3.0
57,57,5.0
341,28,5.0
190,35,5.0
292,27,5.0
274,54,3.5
479,69,1.0
244,49,2.7
34,64,1.7
401,22,5.0
233,3,1.0
289,32,3.1
251,66,5.0
231,77,4.4
442,41,2.5
29,38,3.8
147,98,1.0
61,92,4.0
196,14,2.6
66,98,1.0
108,78,1.1
81,32,2.9
146,53,1.4
26,98,2.3
119,25,3.9
96,79,5.0
186,36,4.6
111,33,5.0
119,80,4.2
289,34,3.2
162,55,1.0
292,8,3.8
304,15,1.0
26,81,5.0
479,56,2.6
53,30,4.1
99,75,5.0
153,88,5.0
495,15,4.2
360,33,2.7
146,50,1.0
77,35,4.5
321,41,1.0
20,32,3.6
230,83,2.1
28,54,1.0
297,5,5.0
317,14,4.7
129,36,5.0
246,39,1.4
249,62,3.1
5,68,1.3
183,68,5.0
60,43,2.9
328,94,5.0
404,50,4.9
158,77,5.0
143,23,4.6
314,76,2.7
317,13,5.0
99,78,5.0
399,9,1.5
397,76,5.0
346,13,5.0
147,88,5.0
16,34,2.0
370,96,2.5
37,17,4.5
214,34,4.9
275,85,5.0
97,35,5.0
25,44,2.6
238,76,1.5
338,85,4.9
272,76,1.9
127,17,1.0
33,37,1.8
25,88,3.3
72,48,4.7
467,68,3.9
413,13,4.3
401,78,5.0
245,10,5.0
74,52,5.0
395,49,4.7
247,6,5.0
13,2,2.6
109,31,1.0
90,62,1.5
91,40,4.5
125,2,3.0
163,94,2.5
307,12,5.0
81,59,3.2
298,62,1.5
401,21,4.9
279,19,5.0
375,58,5.0
184,87,1.0
279,60,5.0
415,63,2.7
37,25,5.0
264,84,3.2
80,0,4.4
408,80,3.0
33,34,3.5
496,77,5.0
340,52,4.1
149,24,3.7
459,12,3.2
22,55,1.5
240,18,2.5
286,71,3.3
16,67,2.7
202,3,5.0
110,52,3.3
116,11,5.0
363,81,4.1
141,84,3.4
419,98,2.6
231,52,4.1
284,12,3.4
355,14,3.5
210,24,5.0
322,27,1.3
185,35,5.0
13,81,2.7
478,34,2.9
18,43,2.0
483,51,1.0
376,77,5.0
121,32,5.0
377,28,3.3
192,65,2.9
94,98,2.5
73,67,1.0
280,59,4.2
336,86,2.4
378,57,3.3
369,32,5.0
96,9,5.0
81,8,2.1
194,30,4.8
135,20,5.0
448,79,1.4
51,96,2.7
429,94,1.5
443,36,2.0
348,30,5.0
238,96,1.0
313,57,3.5
200,11,1.0
170,56,1.4
270,54,3.3
213,95,5.0
315,1,2.8
170,5,5.0
309,26,3.4
24,79,1.0
147,80,3.6
142,90,2.2
180,8,1.0
447,3,4.0
210,18,3.7
289,80,2.3
189,77,2.9
457,68,3.0
115,13,4.9
132,79,2.8
341,93,4.8
445,41,2.0
173,1,1.0
175,59,5.0
18,63,1.8
240,72,4.6
196,68,2.2
295,19,5.0
372,73,2.7
471,38,1.0
286,80,5.0
264,22,4.7
466,90,2.7
478,28,2.9
194,61,5.0
361,84,3.8
146,23,1.3
214,20,5.0
433,20,5.0
338,43,4.0
334,36,4.7
261,41,1.0
40,89,5.0
26,86,3.5
34,81,2.7
302,51,1.4
262,75,3.5
273,73,1.0
388,0,3.6
191,61,5.0
227,45,1.0
37,79,3.2
82,71,3.4
310,48,1.9
51,40,4.5
376,44,5.0
189,38,1.0
413,46,3.7
81,76,2.1
120,98,2.9
444,32,5.0
126,43,1.2
136,55,1.7
72,69,3.0
326,67,4.7
192,52,4.2
94,68,4.1
408,56,1.3
472,66,5.0
228,51,1.0
294,76,5.0
64,58,3.4
71,35,5.0
84,16,3.5
465,94,2.8
422,23,4.4
198,57,2.9
279,56,4.8
39,72,5.0
132,47,4.0
410,12,2.4
17,85,5.0
102,57,2.4
267,85,5.0
438,69,1.4
404,72,5.0
212,69,1.0
341,47,4.9
458,71,2.6
23,74,1.0
200,14,1.0
26,21,3.9
5,49,2.3
351,23,3.6
230,31,1.0
131,19,5.0
370,85,5.0
398,61,5.0
75,79,1.4
60,1,2.1
246,55,2.8
451,93,3.9
211,97,4.2
289,10,2.6
273,42,1.0
305,82,2.0
8,38,3.5
168,41,1.1
489,35,5.0
99,59,5.0
167,11,2.5
68,39,1.0
471,22,3.1
292,96,3.1
50,7,3.0
112,84,5.0
46,32,4.0
96,81,5.0
408,45,1.8
487,56,1.3
116,69,1.6
417,76,1.1
147,76,3.2
78,77,5.0
175,27,4.5
155,28,4.5
328,18,4.8
324,22,5.0
187,43,1.0
260,5,4.8
410,78,1.0
134,46,1.0
66,51,1.0
469,0,2.6
68,14,1.0
207,21,3.2
242,4,4.1
454,46,4.5
100,83,3.7
69,80,2.0
41,93,3.9
79,97,1.1
441,27,4.3
2,42,3.2
191,68,5.0
275,97,1.5
26,11,4.5
296,26,3.9
288,34,1.0
113,53,5.0
344,69,1.0
229,17,3.3
123,61,5.0
417,79,1.9
270,39,1.9
459,11,3.3
195,84,3.6
320,83,2.4
107,59,5.0
452,2,3.7
378,26,4.7
164,74,2.2
30,35,5.0
362,50,3.3
39,96,3.8
81,36,3.2
420,59,2.5
43,89,1.3
132,60,3.6
242,93,3.5
197,76,1.8
118,42,4.3
423,48,3.3
495,21,5.0
480,92,5.0
381,98,1.2
93,83,3.0
26,68,3.8
294,3,3.1
342,41,1.0
219,24,3.0
164,84,5.0
144,81,3.5
132,68,4.3
441,39,2.1
483,71,1.0
132,52,4.5
319,61,5.0
153,90,2.7
178,61,5.0
23,66,1.2
232,48,1.3
7,61,5.0
490,77,3.6
454,69,1.5
487,92,4.2
322,54,1.0
44,68,3.1
228,96,1.0
380,61,5.0
155,17,4.3
337,57,4.8
411,51,1.0
90,96,2.5
241,16,5.0
493,32,2.7
45,91,2.9
294,88,5.0
129,71,4.0
369,18,3.8
384,55,3.5
389,34,3.6
422,53,4.1
438,86,4.6
450,9,2.4
185,38,2.9
176,85,5.0
436,57,1.0
243,38,1.0
303,93,1.9
241,40,3.2
274,43,3.4
315,56,3.2
151,26,3.2
37,78,3.5
311,80,1.3
90,91,1.3
491,51,3.7
279,22,5.0
205,17,3.4
421,46,1.8
123,75,5.0
292,13,5.0
124,87,2.5
249,16,5.0
42,67,5.0
216,7,3.1
465,41,1.0
118,35,5.0
175,31,2.3
333,49,3.2
100,4,5.0
151,90,2.9
294,31,2.8
494,26,1.8
170,2,1.5
348,40,4.7
94,53,4.0
316,76,1.0
289,4,2.0
63,51,3.0
205,21,2.4
83,33,4.1
310,52,4.3
421,52,1.9
177,8,2.7
314,51,1.7
413,80,5.0
161,66,4.3
479,27,2.5
107,80,5.0
300,42,1.7
381,56,2.2
369,52,5.0
136,81,2.7
368,68,4.2
106,53,2.6
256,60,5.0
419,11,5.0
334,21,3.1
280,76,3.1
204,70,2.3
74,55,4.5
72,15,5.0
26,78,3.6
481,89,5.0
10,4,1.6
149,22,5.0
408,40,2.2
376,18,2.3
213,74,1.0
222,48,1.0
180,52,2.1
157,81,2.9
97,62,2.2
390,17,2.9
493,34,3.3
491,10,5.0
376,20,5.0
296,1,1.2
404,81,5.0
54,20,5.0
258,41,4.2
134,45,1.0
287,93,3.9
75,5,4.9
375,61,5.0
59,12,4.4
195,29,3.6
486,26,3.7
269,51,3.6
390,24,3.8
170,14,3.2
79,8,1.0
382,22,4.1
193,96,5.0
490,28,2.4
254,67,3.1
403,64,5.0
193,20,5.0
246,42,1.5
492,12,2.6
485,9,2.2
354,60,3.5
75,46,1.0
207,62,2.0
375,46,5.0
384,73,2.3
116,52,5.0
310,97,2.5
479,74,1.0
455,93,3.4
185,16,4.7
171,37,1.0
89,90,5.0
75,39,1.0
76,9,2.0
91,12,5.0
451,63,4.7
149,95,5.0
239,42,1.0
247,66,4.1
329,52,3.6
438,85,5.0
352,29,5.0
354,71,1.7
272,17,2.3
120,35,5.0
103,7,4.9
141,72,5.0
2,83,3.7
301,47,5.0
422,18,2.1
108,77,3.3
269,5,5.0
120,74,1.0
66,31,1.0
425,88,1.9
239,16,2.8
456,96,5.0
200,19,2.2
64,14,4.1
223,2,3.7
338,33,4.1
415,55,2.3
432,30,3.2
329,41,2.2
151,54,2.5
204,53,2.6
134,73,1.0
263,28,1.4
73,13,2.2
437,54,1.4
46,73,1.7
230,8,1.0
33,86,3.7
441,5,5.0
63,7,3.3
2,76,3.7
308,81,2.4
51,85,5.0
168,29,4.8
402,3,2.4
213,93,2.7
85,55,1.3
217,27,4.8
408,92,3.4
103,37,3.1
328,28,5.0
215,87,4.5
73,54,1.0
195,15,1.4
221,95,5.0
93,88,4.4
306,61,5.0
249,18,3.8
114,20,5.0
337,15,3.3
80,34,4.3
153,42,1.7
52,98,3.6
144,60,4.3
325,26,3.5
274,26,4.9
194,1,3.3
188,13,5.0
125,46,3.0
357,33,4.0
457,16,5.0
32,28,5.0
249,4,5.0
382,20,5.0
236,0,3.6
326,13,5.0
66,53,1.0
274,52,3.2
495,13,5.0
487,52,3.7
472,26,5.0
264,47,4.2
11,81,1.0
117,38,1.8
173,66,1.0
412,25,1.0
62,51,1.4
29,27,4.9
163,59,5.0
199,11,5.0
408,82,1.3
32,26,5.0
203,65,1.0
216,71,1.9
238,43,1.0
282,99,1.2
469,31,1.0
29,56,2.4
377,42,2.7
492,91,1.0
110,47,2.9
209,10,4.8
27,44,4.0
229,53,3.4
149,43,3.3
63,15,3.0
397,82,4.2
116,15,3.2
456,27,5.0
206,75,1.0
23,59,3.4
41,58,3.8
25,27,2.1
32,4,5.0
339,53,5.0
445,72,5.0
337,19,5.0
448,58,1.0
338,14,2.8
399,24,3.0
160,39,3.8
441,15,1.6
454,35,5.0
68,44,2.4
274,46,2.3
264,83,2.7
266,46,5.0
197,98,1.0
187,28,1.0
202,70,5.0
214,45,3.9
474,54,1.3
445,46,5.0
203,99,1.8
484,99,1.8
118,44,5.0
133,41,1.0
276,15,1.8
286,89,4.0
343,66,3.2
403,5,5.0
391,87,4.8
434,71,2.0
375,48,5.0
351,27,3.2
387,80,1.6
81,74,1.0
119,7,3.4
189,84,2.0
252,57,1.0
4,55,2.7
113,71,4.3
451,33,3.6
145,2,3.2
418,63,2.5
16,31,1.0
40,70,5.0
317,86,5.0
187,3,1.0
123,18,3.0
480,37,3.3
145,12,5.0
216,77,4.3
117,21,2.5
451,18,2.5
106,1,2.2
208,82,1.3
486,45,2.0
242,81,5.0
311,17,1.2
294,56,4.5
432,1,2.5
221,22,4.9
334,64,4.2
387,48,1.0
427,33,3.8
35,23,2.4
438,54,4.1
156,14,1.0
14,98,1.0
79,24,1.0
18,7,1.0
0,41,1.0
175,56,3.9
291,49,2.0
235,12,3.4
175,7,4.8
498,79,3.4
39,76,5.0
155,25,5.0
53,94,4.4
429,36,1.1
342,53,2.1
30,50,1.9
425,98,1.0
159,24,4.7
20,74,1.7
318,47,2.8
485,93,2.5
47,74,1.0
133,9,1.6
498,2,4.9
8,97,1.0
129,25,5.0
315,54,4.1
263,49,1.8
459,30,2.1
6,41,1.5
364,62,1.0
168,55,3.1
188,77,5.0
10,40,2.8
374,79,1.8
457,79,2.8
66,73,1.0
495,10,5.0
46,72,5.0
243,77,3.2
68,78,1.0
149,11,4.7
499,52,4.4
85,18,1.3
322,60,2.1
387,95,3.5
258,9,5.0
331,16,5.0
99,89,5.0
440,81,4.9
64,46,3.8
53,92,5.0
318,13,3.2
271,60,5.0
62,48,1.0
10,22,2.8
419,63,4.2
270,21,4.1
134,18,1.0
314,25,4.9
167,71,1.1
1,53,1.0
106,56,1.6
43,68,2.1
496,65,2.7
349,57,2.7
155,12,5.0
94,96,2.5
89,56,2.9
469,84,3.1
12,83,5.0
471,47,2.7
287,98,1.8
217,28,5.0
77,61,5.0
152,42,2.5
330,43,2.2
357,66,4.4
138,91,4.3
471,7,1.0
218,93,5.0
69,94,1.1
371,38,1.0
419,20,5.0
482,46,1.0
179,81,3.9
52,6,5.0
160,84,5.0
120,5,5.0
313,16,4.1
473,61,5.0
271,96,4.2
84,49,2.6
24,94,1.0
258,83,5.0
232,93,3.3
281,37,3.3
24,10,1.2
423,10,5.0
310,95,5.0
174,2,3.1
289,91,1.0
428,24,5.0
244,54,1.8
405,19,5.0
275,79,2.6
159,39,2.4
345,86,4.3
127,67,1.0
286,42,3.4
107,23,5.0
431,16,5.0
344,62,2.4
480,38,4.4
490,27,3.5
94,9,3.3
315,74,2.7
288,81,1.0
157,42,1.9
31,61,5.0
161,28,3.9
198,8,2.7
267,91,4.4
283,44,4.7
254,12,4.0
493,21,2.0
370,2,3.5
116,92,5.0
15,9,3.3
205,27,4.5
374,50,2.8
217,15,3.6
128,46,3.6
282,37,1.0
278,27,4.0
41,68,5.0
43,57,1.9
464,97,1.0
25,80,2.5
377,8,2.4
5,76,1.7
8,69,1.0
482,9,1.0
435,40,3.8
180,18,1.0
345,59,5.0
3,92,5.0
446,77,2.8
359,15,2.4
110,11,2.3
260,6,5.0
496,1,3.3
166,71,3.4
167,30,2.8
417,56,1.0
60,67,4.5
152,73,2.0
393,97,1.7
163,14,3.2
16,99,2.3
48,8,3.7
244,57,1.9
30,95,4.4
280,79,2.9
40,53,5.0
491,41,4.4
166,34,4.8
53,80,4.4
426,62,1.9
458,49,5.0
71,65,1.0
52,94,4.6
289,9,1.0
217,75,4.0
55,64,4.0
152,97,1.6
178,6,5.0
83,38,3.2
39,84,4.4
120,79,3.8
360,29,2.4
148,76,2.8
326,31,3.2
104,56,2.9
454,71,3.7
230,99,2.4
257,78,4.9
134,79,1.0
439,54,1.2
239,46,1.4
237,6,4.6
463,23,1.9
237,69,1.0
372,24,3.4
203,0,1.0
71,7,3.9
410,69,1.0
480,13,5.0
193,23,5.0
13,19,5.0
351,4,3.0
493,48,1.1
404,93,5.0
102,67,3.9
296,97,1.8
111,30,5.0
458,64,3.6
355,27,3.7
351,62,1.0
97,61,5.0
426,14,3.7
485,22,3.0
78,98,3.4
484,69,1.0
326,79,4.5
260,10,3.8
35,35,5.0
1,16,2.0
211,37,3.4
214,99,4.5
206,83,2.3
14,17,4.0
7,95,5.0
216,42,1.9
28,91,1.0
77,31,1.0
457,93,4.0
12,7,4.7
189,91,1.1
305,16,5.0
153,16,4.7
208,25,3.1
27,58,2.2
190,94,3.5
432,58,3.0
416,99,3.3
341,49,5.0
245,86,5.0
89,42,3.6
444,24,4.7
412,1,1.0
386,49,4.8
229,61,4.8
34,14,1.0
255,44,5.0
200,43,1.0
328,95,5.0
151,99,3.9
146,98,1.0
311,18,1.0
166,45,5.0
481,75,4.6
259,42,4.1
241,61,5.0
224,89,1.0
308,94,1.5
385,96,1.0
12,59,5.0
324,50,3.4
327,20,4.2
226,8,1.0
16,0,1.4
493,36,3.0
243,3,1.0
231,19,5.0
361,51,1.0
287,70,5.0
134,54,1.0
453,41,1.0
417,44,3.3
136,84,3.3
369,61,5.0
183,62,2.3
343,98,2.4
19,93,4.2
71,46,3.8
414,1,3.1
193,69,2.4
57,75,3.5
126,27,1.0
232,16,4.5
484,96,1.0
297,21,5.0
134,84,2.1
412,38,1.0
164,11,4.8
44,78,2.9
82,45,4.9
182,13,4.3
217,94,4.4
306,52,3.9
67,15,4.7
188,65,3.2
416,69,1.0
55,46,4.3
108,69,1.0
166,6,5.0
432,87,4.0
310,74,1.0
447,25,5.0
430,34,3.3
98,25,2.4
213,0,2.4
183,58,3.4
14,88,5.0
24,24,1.0
277,36,2.2
16,48,1.0
312,75,3.3
198,24,3.2
20,36,3.8
140,39,1.0
146,52,1.7
136,69,1.0
415,5,5.0
406,5,4.3
288,73,1.0
394,33,1.0
286,95,5.0
433,28,3.8
153,47,4.2
120,93,3.5
5,92,3.4
326,26,5.0
459,69,1.0
399,49,4.0
247,98,3.0
416,44,3.5
184,2,1.0
313,10,3.1
476,49,5.0
379,18,1.0
300,73,1.0
251,19,5.0
469,81,2.0
415,21,2.3
0,46,2.0
218,83,5.0
420,50,1.0
425,26,1.0
177,89,2.7
146,21,1.0
87,82,1.0
220,89,5.0
47,6,3.9
162,13,2.5
407,92,3.8
316,7,1.0
247,55,3.1
92,43,4.3
491,48,3.9
459,1,2.4
465,37,1.0
48,44,4.8
179,10,4.8
497,81,1.5
104,15,3.1
449,85,3.9
129,21,4.8
468,18,1.0
451,47,4.8
406,86,2.2
105,93,5.0
375,63,5.0
199,47,5.0
196,38,2.4
96,54,5.0
477,26,4.8
117,66,2.8
482,75,1.0
356,32,2.9
56,53,2.1
160,44,5.0
19,28,4.2
147,28,2.0
37,89,3.8
255,51,1.7
482,31,1.0
9,63,4.3
273,25,1.0
386,71,1.3
88,74,1.0
108,44,4.0
214,15,2.7
390,63,3.5
307,49,5.0
222,84,1.0
300,74,1.0
441,53,5.0
193,88,5.0
390,96,2.8
263,79,1.0
389,14,3.5
123,94,4.4
358,49,5.0
59,40,4.0
284,24,1.7
475,76,1.8
122,98,4.5
300,63,3.2
217,20,5.0
255,48,1.6
124,67,1.7
227,64,1.0
224,96,1.0
148,29,3.8
152,79,2.4
120,73,2.8
66,46,1.1
274,91,2.1
140,60,1.7
355,12,5.0
327,28,2.0
229,2,1.8
378,74,1.4
379,28,1.0
134,72,3.0
272,69,1.0
85,65,1.0
252,51,1.0
201,75,5.0
64,36,4.5
435,93,3.1
215,60,3.5
321,69,1.0
339,46,5.0
303,81,2.4
403,86,5.0
279,14,4.5
231,83,2.9
210,36,4.5
67,39,3.0
157,54,1.2
491,64,3.9
403,44,5.0
64,4,4.1
284,83,1.9
228,10,1.0
147,55,1.3
178,92,5.0
357,64,3.5
162,91,1.0
275,53,4.2
311,31,1.0
58,2,3.9
460,21,5.0
304,12,1.6
86,69,1.0
396,36,2.9
104,46,4.4
376,24,4.4
109,86,1.5
324,80,4.7
199,59,5.0
173,45,1.1
414,69,1.0
53,0,4.6
351,37,1.7
497,13,1.7
61,38,3.2
487,68,2.6
498,88,5.0
224,82,1.0
341,35,5.0
483,34,2.5
325,16,5.0
314,44,4.4
363,83,3.3
328,73,3.8
51,42,3.7
27,27,3.3
197,17,3.2
381,12,3.2
206,93,2.3
321,65,1.0
177,80,5.0
337,24,4.5
483,18,1.0
300,72,4.8
49,93,1.3
433,2,2.8
1,84,1.5
231,49,4.3
469,1,1.0
56,35,4.0
6,11,3.6
351,59,4.2
194,39,1.8
463,94,1.6
307,69,1.4
481,69,3.2
232,76,2.6
278,96,1.8
67,20,5.0
260,67,1.7
442,28,5.0
282,36,1.0
424,86,3.0
48,95,5.0
294,1,4.5
497,92,2.1
427,98,1.7
125,25,4.1
118,43,5.0
369,78,3.9
42,68,5.0
398,35,5.0
247,2,4.0
22,89,1.8
183,6,5.0
391,78,3.8
376,37,3.8
300,82,1.8
382,80,4.7
404,83,4.1
15,42,1.0
227,65,1.0
352,14,5.0
356,65,1.0
128,61,5.0
76,12,3.5
379,72,2.6
402,1,3.0
147,29,4.0
88,56,1.0
268,35,4.1
131,40,4.1
321,81,1.6
159,58,3.9
482,96,1.0
337,92,5.0
291,48,1.0
129,37,3.5
318,55,1.1
110,46,2.4
226,98,1.9
29,11,5.0
223,71,1.7
405,98,4.3
378,89,3.1
95,30,1.0
377,27,4.0
306,54,3.2
179,77,4.3
122,33,5.0
434,92,5.0
493,30,2.4
146,11,1.6
383,63,4.9
192,33,3.3
423,31,3.2
3,64,4.6
173,71,1.0
251,17,5.0
233,83,2.2
436,8,1.0
169,65,3.0
87,56,1.0
27,92,4.4
14,15,3.0
304,72,2.3
29,39,1.1
411,93,2.3
35,93,2.1
456,72,5.0
333,88,4.0
99,37,4.5
96,34,5.0
413,45,4.4
33,63,2.7
250,25,2.7
426,58,3.3
371,94,1.0
243,61,4.1
458,86,3.8
430,4,3.4
174,84,4.4
254,30,3.7
426,52,3.4
329,53,4.5
350,55,1.4
270,55,3.7
418,43,1.3
341,75,3.9
422,80,5.0
112,52,5.0
416,40,1.5
402,34,4.2
78,53,5.0
329,25,4.4
141,79,2.6
495,46,4.3
312,51,1.8
194,54,4.9
425,28,1.0
383,89,4.9
387,39,1.0
475,71,1.3
291,79,1.0
385,42,1.0
230,77,2.2
361,23,3.3
364,48,1.0
344,33,4.1
332,96,1.0
317,32,5.0
395,31,1.0
411,48,1.0
61,26,5.0
474,92,2.7
297,28,3.8
260,20,3.4
381,19,4.3
236,12,5.0
158,93,3.0
321,85,3.0
415,99,2.8
21,37,2.1
32,38,5.0
83,20,5.0
290,24,2.4
492,0,1.0
10,12,3.9
401,44,5.0
290,1,1.0
179,7,4.2
39,40,5.0
441,17,4.4
160,92,5.0
86,83,3.4
464,8,1.0
357,34,5.0
287,9,3.6
335,34,4.6
30,17,2.7
126,83,1.0
477,80,4.5
283,11,4.1
8,64,2.2
185,94,3.9
262,93,4.0
39,73,4.0
267,65,3.9
457,27,5.0
163,38,1.3
138,15,4.8
26,39,1.1
99,90,5.0
391,20,5.0
288,61,2.6
398,92,5.0
378,61,5.0
61,46,4.1
339,13,5.0
59,77,4.4
202,0,5.0
18,80,2.6
57,19,5.0
202,8,5.0
406,51,1.0
27,66,2.8
487,47,3.6
23,49,3.6
253,41,1.6
392,12,1.5
294,61,5.0
14,28,3.8
122,31,2.7
284,80,3.3
20,19,5.0
406,32,2.4
262,43,4.4
222,52,1.2
96,90,5.0
133,91,1.5
345,17,5.0
101,47,4.5
8,92,4.2
453,58,2.5
174,28,2.7
379,15,1.0
298,46,3.9
465,8,1.3
303,80,5.0
399,58,2.1
172,65,2.5
237,79,1.7
158,49,4.5
472,60,5.0
178,39,3.3
430,3,1.0
250,35,4.5
382,4,3.4
105,76,5.0
386,17,3.3
445,88,5.0
281,58,4.1
353,65,4.5
12,51,3.4
315,61,5.0
191,84,5.0
363,52,3.9
407,66,3.1
331,54,3.7
25,69,1.0
78,61,5.0
203,43,2.2
192,36,4.1
54,18,3.4
292,14,3.3
237,42,1.2
342,88,5.0
253,67,4.9
101,10,4.4
141,92,4.5
132,42,2.7
111,42,2.6
26,20,5.0
448,12,2.4
295,52,3.1
412,13,1.3
432,19,5.0
162,23,1.8
82,74,3.7
426,89,3.8
91,63,3.5
429,72,3.1
217,5,5.0
317,74,1.6
61,87,3.8
422,34,4.9
137,19,5.0
480,88,5.0
327,11,2.6
148,8,3.7
356,58,2.4
492,41,1.0
175,21,3.9
13,66,2.7
102,55,3.1
144,46,3.1
87,63,1.2
270,89,4.1
181,14,2.7
139,80,2.6
459,18,1.9
383,86,4.5
380,19,5.0
433,46,3.2
179,45,3.5
183,98,3.5
10,98,1.0
388,79,3.1
15,21,2.5
444,16,5.0
13,56,1.9
469,39,1.0
463,0,1.5
108,98,1.0
254,81,4.8
111,62,4.1
361,26,3.9
93,72,4.8
97,52,3.6
143,19,5.0
317,60,5.0
92,71,2.7
171,53,1.0
384,51,1.7
71,0,2.9
196,63,3.0
188,16,5.0
438,48,2.5
119,10,5.0
318,27,3.0
7,57,5.0
16,73,1.0
263,29,1.9
105,40,5.0
123,36,5.0
300,33,3.3
346,16,5.0
192,77,4.7
274,71,2.0
312,44,5.0
359,24,4.2
139,79,2.4
138,58,5.0
237,37,1.0
181,1,2.5
474,38,1.0
323,70,4.0
282,40,1.0
310,4,4.4
444,43,4.3
39,71,3.5
69,68,1.6
30,14,1.1
366,30,3.5
26,16,5.0
213,51,2.1
96,62,4.6
405,79,5.0
408,1,1.0
172,67,4.6
474,83,1.9
250,38,1.8
265,23,2.1
316,26,1.8
11,16,1.6
236,96,3.4
187,99,1.0
110,89,2.0
297,79,4.3
128,99,3.7
135,91,4.0
458,96,2.7
149,65,1.5
195,83,2.0
84,28,2.6
92,9,4.5
127,22,1.0
346,12,5.0
45,92,5.0
146,40,1.0
188,14,5.0
438,79,3.8
306,19,5.0
250,37,1.0
460,36,4.3
184,62,1.0
98,46,2.9
447,27,5.0
155,59,5.0
60,64,2.1
123,25,5.0
122,55,4.8
161,1,2.7
125,26,4.3
272,77,3.1
128,9,2.5
24,88,1.6
31,27,3.6
454,38,4.3
75,22,2.8
41,0,4.4
374,58,2.5
225,92,4.5
267,30,5.0
327,25,3.1
488,4,3.1
226,38,1.0
245,48,4.2
281,6,5.0
146,6,2.1
86,51,2.6
5,64,1.0
151,21,1.8
179,54,3.7
39,46,4.9
256,70,4.5
327,90,2.0
238,46,1.0
310,1,2.2
129,27,5.0
369,75,3.2
436,58,1.0
313,55,1.6
474,45,2.0
132,88,5.0
350,45,1.3
133,5,4.7
90,44,3.8
387,55,1.0
284,52,2.3
279,93,4.2
310,64,3.7
92,66,5.0
207,98,2.2
329,87,3.7
173,41,1.0
441,16,5.0
237,93,2.3
296,5,4.8
326,90,5.0
156,61,4.1
7,65,4.2
276,22,2.9
350,89,2.4
381,93,2.6
211,8,3.6
143,13,5.0
55,8,4.6
147,90,2.6
273,77,1.9
25,50,1.1
338,93,3.2
329,6,5.0
20,43,3.6
459,5,5.0
227,98,1.0
416,20,3.2
34,39,1.0
114,94,4.8
388,40,3.1
228,65,1.0
111,37,3.1
354,99,4.5
295,4,2.4
68,12,1.5
187,20,2.5
488,97,1.7
227,85,2.5
380,56,3.3
277,46,2.8
6,46,2.7
315,29,4.4
369,5,5.0
438,99,5.0
125,42,2.6
242,43,4.2
14,56,1.7
286,64,4.0
371,28,1.0
435,25,4.1
103,75,4.1
218,69,2.4
66,64,1.0
260,41,1.0
489,14,2.2
358,43,5.0
400,55,3.5
95,39,1.0
32,76,5.0
68,72,3.3
295,72,5.0
127,81,1.0
271,49,5.0
408,88,3.9
163,86,2.5
243,48,1.0
154,22,4.0
31,19,4.1
12,35,5.0
116,72,5.0
474,75,1.0
136,8,2.2
383,77,5.0
465,49,4.3
149,64,2.2
263,75,1.0
47,92,2.8
121,53,5.0
390,41,1.0
414,0,4.8
435,44,3.5
157,13,4.2
453,3,1.0
274,0,2.4
499,18,3.5
49,35,5.0
440,23,4.2
13,64,1.7
72,84,5.0
136,82,1.3
48,47,3.9
195,4,2.9
34,69,1.0
201,67,5.0
361,53,2.7
189,28,2.3
326,32,5.0
83,61,5.0
68,36,1.0
27,8,1.6
294,25,5.0
428,54,4.8
275,86,2.4
482,50,1.0
146,49,2.0
493,73,1.1
380,21,3.2
438,57,4.4
163,15,1.8
364,49,1.0
355,34,3.8
407,98,1.0
448,78,1.0
253,30,4.8
322,82,1.0
178,19,5.0
496,31,1.3
26,5,5.0
70,98,3.9
102,14,2.3
281,86,4.3
367,99,4.1
50,77,4.3
191,5,5.0
7,92,5.0
328,1,4.6
103,80,4.7
355,74,1.5
201,68,5.0
99,56,5.0
301,77,5.0
497,22,1.7
30,54,1.5
492,1,1.0
93,29,2.6
55,3,3.1
58,74,1.9
349,31,1.0
63,29,3.1
114,60,5.0
155,45,4.3
68,74,1.0
173,89,1.3
230,44,3.4
361,57,3.4
6,82,2.4
443,49,2.5
235,2,2.9
353,52,5.0
475,5,5.0
254,35,5.0
222,44,2.4
329,22,5.0
246,3,1.4
215,65,1.5
25,4,1.0
208,71,1.3
75,3,1.0
365,73,2.9
332,70,1.9
95,6,1.9
431,21,3.4
157,69,1.0
51,88,5.0
244,9,1.0
10,48,1.0
379,32,1.5
155,51,3.1
445,34,4.4
76,56,1.8
292,54,2.4
372,44,4.8
55,1,3.8
314,23,3.1
408,7,2.3
299,25,1.1
137,62,2.0
154,28,4.3
275,24,3.8
72,18,4.7
164,64,3.8
392,39,1.0
194,62,3.0
169,26,5.0
46,76,2.8
56,85,2.7
90,16,4.6
247,95,5.0
202,17,5.0
181,3,1.4
358,13,4.7
417,88,3.6
175,82,3.8
243,54,1.1
196,24,3.2
496,5,5.0
322,63,2.1
454,15,3.6
83,5,5.0
303,51,1.0
137,96,1.8
395,61,5.0
260,95,4.5
74,72,5.0
163,61,5.0
340,44,5.0
43,76,1.0
442,12,5.0
318,60,2.9
297,85,5.0
277,73,1.4
58,28,5.0
75,70,2.0
61,94,4.3
112,21,5.0
445,56,3.2
143,91,4.1
50,42,1.5
234,73,2.7
451,95,5.0
216,62,1.7
126,20,2.3
102,75,2.0
99,53,5.0
149,57,4.0
388,58,3.7
483,94,1.0
17,29,5.0
434,41,1.5
39,88,5.0
199,53,5.0
109,89,1.0
217,10,5.0
368,95,5.0
419,90,4.3
264,54,3.3
430,30,3.3
91,36,4.3
197,13,2.5
256,59,5.0
49,86,1.0
339,31,2.9
196,83,2.5
290,48,1.0
334,80,5.0
471,69,1.0
465,64,2.3
219,7,2.6
267,56,4.7
464,36,2.1
83,23,4.0
255,17,4.5
152,69,1.0
272,13,2.5
54,44,5.0
161,26,4.7
393,83,1.4
286,34,4.3
284,35,5.0
422,11,4.7
269,86,4.7
29,41,1.3
58,59,5.0
416,15,1.1
463,69,1.0
38,93,2.6
381,97,1.0
7,38,5.0
482,12,1.0
16,50,1.0
304,57,1.0
203,78,1.6
325,44,4.8
366,73,2.6
167,40,2.2
58,44,5.0
343,18,2.7
345,97,3.3
283,82,3.9
128,12,2.9
488,99,4.3
436,70,1.0
26,47,5.0
73,69,1.0
24,35,2.7
457,10,5.0
433,44,4.9
314,29,3.0
119,54,3.0
269,71,2.6
196,58,3.3
492,27,2.0
160,29,5.0
75,25,3.2
396,1,2.3
276,20,5.0
420,23,1.3
271,38,5.0
483,89,2.0
431,63,3.7
446,48,1.0
332,52,1.4
148,49,3.8
324,91,1.0
140,83,2.0
11,58,1.0
223,73,1.8
283,37,3.7
455,37,2.7
150,97,3.5
208,9,1.3
164,90,4.2
13,86,2.8
104,27,5.0
252,88,2.0
418,12,3.0
245,32,5.0
144,52,2.9
112,46,5.0
100,13,5.0
458,1,3.1
410,71,1.0
284,49,3.0
346,69,1.0
168,44,4.9
309,14,2.6
214,55,3.9
423,1,3.8
485,86,2.6
258,62,3.7
109,92,2.0
256,72,5.0
397,84,5.0
475,73,1.9
74,49,5.0
163,98,1.0
398,31,1.4
303,91,1.5
171,85,1.8
147,65,1.0
295,22,4.1
266,26,5.0
183,39,1.5
216,58,2.5
49,66,1.8
135,34,5.0
375,88,5.0
338,79,4.1
448,42,1.0
210,60,5.0
474,40,2.2
188,35,5.0
211,87,5.0
161,46,3.7
461,74,1.0
92,23,4.7
351,6,5.0
34,75,2.1
115,41,2.0
241,14,3.9
355,24,3.2
388,70,4.3
453,10,3.1
341,4,4.6
338,78,4.3
481,37,4.7
20,69,1.0
187,95,2.2
144,47,3.9
177,95,5.0
153,60,2.9
497,27,2.0
107,7,5.0
117,54,3.1
231,13,4.0
124,38,1.4
63,27,4.2
40,97,4.1
375,24,5.0
272,98,1.1
104,6,5.0
443,4,2.6
267,62,3.4
463,98,1.0
419,52,4.4
437,41,1.0
174,52,4.1
329,43,3.9
343,72,5.0
157,9,2.9
464,33,1.4
361,74,1.0
435,41,1.9
371,56,1.0
174,81,2.4
428,41,1.7
276,64,2.5
122,60,5.0
325,82,2.4
274,4,3.4
459,50,1.3
92,91,3.7
26,99,4.8
471,84,1.7
392,50,1.0
33,74,1.0
42,86,5.0
434,37,2.5
313,12,3.6
65,72,5.0
14,81,4.2
37,73,2.4
331,29,4.5
473,18,2.7
416,12,3.0
487,78,2.4
145,28,4.5
463,32,3.5
206,12,3.8
482,51,1.0
286,70,4.9
442,56,4.3
154,50,2.5
47,32,1.0
307,41,2.9
213,60,3.6
499,82,4.2
322,70,2.1
291,88,3.0
396,75,1.9
443,40,2.1
303,7,3.6
426,43,5.0
209,81,4.6
187,41,1.0
282,65,1.0
106,15,2.3
324,61,5.0
67,53,4.2
414,5,5.0
326,60,5.0
138,18,4.6
179,27,3.7
472,96,5.0
393,10,3.1
175,47,5.0
300,54,2.5
87,96,1.0
285,72,3.5
365,64,2.4
490,53,3.4
203,66,1.6
100,9,4.5
372,64,2.6
186,8,2.2
299,59,2.3
96,45,5.0
487,16,5.0
421,13,2.3
485,11,3.6
408,17,2.3
57,5,5.0
13,61,5.0
492,39,1.0
377,69,1.0
6,83,2.6
49,17,1.7
338,94,3.5
86,13,4.8
71,38,2.8
401,88,5.0
241,29,3.9
350,4,2.0
428,39,1.6
246,14,3.0
16,20,3.6
323,51,1.0
85,74,1.0
96,51,4.7
375,36,5.0
225,82,2.3
499,54,3.2
36,57,4.5
272,81,2.1
326,48,2.4
414,15,3.6
169,24,3.9
10,99,2.6
362,48,2.4
447,2,4.2
332,98,1.0
420,37,1.0
272,95,5.0
347,58,3.7
433,73,1.6
189,74,1.0
464,3,1.0
248,50,5.0
9,11,4.2
257,23,5.0
47,56,1.0
163,71,1.0
393,65,1.0
240,36,3.3
147,64,2.4
338,91,3.3
400,58,4.4
361,96,2.5
229,60,3.6
380,41,2.5
15,1,2.5
133,56,2.2
403,35,5.0
443,75,2.1
75,83,1.7
13,9,2.6
78,13,5.0
333,32,3.4
481,67,5.0
461,86,2.9
100,93,4.5
183,76,4.4
68,40,1.0
267,11,5.0
471,79,1.8
92,69,2.0
136,15,1.0
159,57,4.2
225,56,2.0
374,68,3.7
116,83,5.0
124,75,1.0
325,85,4.4
344,98,2.1
148,64,3.0
193,57,5.0
97,37,2.3
375,89,5.0
113,62,4.5
445,18,2.3
370,50,3.8
85,6,3.1
368,9,4.1
303,36,2.5
485,95,5.0
434,32,4.5
344,61,5.0
217,36,4.4
384,37,2.4
378,78,3.0
255,78,2.6
200,9,1.0
289,90,3.2
146,34,1.0
392,98,1.0
274,35,5.0
218,90,5.0
405,39,3.8
388,3,1.6
128,21,2.2
215,86,3.8
177,7,3.0
212,38,1.5
229,35,4.2
181,87,3.1
183,87,4.2
361,18,2.2
302,66,2.9
214,90,4.9
491,4,5.0
491,22,5.0
63,43,3.0
40,2,5.0
412,8,1.0
325,8,1.4
42,76,5.0
259,70,4.9
238,82,1.3
124,55,1.0
473,13,4.7
170,50,1.9
339,67,5.0
470,50,5.0
173,93,1.0
141,33,3.2
350,23,2.9
256,48,1.8
373,50,2.9
79,33,1.8
20,42,1.0
190,85,5.0
77,46,2.1
68,23,1.8
257,71,3.8
239,14,1.7
488,22,4.6
337,31,2.7
54,73,2.9
21,85,4.6
277,93,3.1
488,64,2.8
172,75,4.4
467,54,3.5
262,99,4.7
355,65,2.3
59,49,4.7
96,43,5.0
292,29,4.3
15,91,2.1
469,85,2.5
488,11,3.7
359,21,2.6
90,30,2.4
223,8,2.6
159,14,3.3
6,80,3.9
459,32,2.3
2,28,3.5
302,42,1.0
235,57,2.7
349,56,1.6
390,11,3.8
380,89,3.8
389,64,3.1
419,76,4.1
204,7,3.7
323,24,2.8
397,17,5.0
256,53,5.0
480,56,3.4
34,96,2.2
429,8,1.1
484,7,1.5
40,4,5.0
498,30,4.9
269,33,5.0
349,4,4.3
476,77,5.0
70,88,5.0
465,78,2.1
278,71,1.0
367,74,1.0
77,82,1.0
405,83,5.0
244,62,1.3
442,4,5.0
421,81,2.0
278,38,3.1
320,1,2.1
497,62,1.0
96,56,5.0
5,42,1.1
163,99,3.8
58,95,5.0
409,51,3.3
439,8,1.0
438,24,3.7
11,68,1.0
458,77,5.0
76,76,2.2
107,41,3.4
410,7,2.3
457,51,1.9
394,46,1.0
188,80,5.0
441,86,3.4
318,94,1.7
425,89,1.0
118,97,4.7
477,39,1.7
460,0,5.0
244,11,2.9
138,99,5.0
116,56,5.0
300,35,5.0
248,46,4.5
60,73,1.0
62,93,1.5
284,84,2.5
7,8,4.3
15,4,3.8
141,11,3.7
407,24,2.7
400,77,5.0
220,98,3.9
125,91,2.4
323,63,1.7
368,93,3.8
207,16,4.2
20,78,2.8
437,92,3.2
253,11,5.0
259,48,2.9
166,76,4.5
330,36,2.7
167,24,3.9
119,99,3.9
440,48,1.3
82,36,5.0
31,82,1.0
228,90,1.0
221,63,3.4
327,60,3.2
289,63,2.1
495,20,5.0
66,97,1.0
88,83,2.5
339,42,3.6
20,79,2.8
105,64,5.0
351,89,1.9
476,17,4.5
126,16,1.6
301,18,2.6
406,15,1.0
6,59,4.1
142,14,1.0
55,33,4.9
226,71,1.0
327,31,1.0
257,73,3.4
147,96,1.1
432,41,1.3
401,12,5.0
237,77,3.2
460,7,4.7
333,90,2.0
139,70,4.2
183,50,5.0
305,24,2.9
297,93,4.3
88,16,4.7
443,19,4.7
446,97,1.0
92,56,3.8
105,60,5.0
91,33,4.2
92,35,5.0
473,91,3.0
479,95,4.8
303,95,5.0
45,60,4.9
33,91,1.8
461,72,4.3
151,31,1.0
343,26,3.8
147,83,2.9
420,65,1.0
77,14,1.0
197,57,2.0
366,74,1.0
356,26,3.8
446,10,2.5
177,65,1.1
310,8,2.3
344,89,3.9
370,16,5.0
379,51,1.0
479,11,3.2
70,31,1.9
253,9,3.7
454,62,3.4
128,77,4.4
339,10,5.0
419,64,3.9
84,78,1.8
65,9,4.3
20,50,3.1
329,33,3.9
343,58,4.3
456,48,5.0
329,18,4.0
299,17,1.0
253,36,3.8
301,59,5.0
215,18,2.8
84,71,1.0
370,73,1.6
386,6,5.0
204,97,1.0
236,5,5.0
54,97,3.6
71,93,4.3
35,11,2.0
360,83,2.6
162,11,1.9
409,44,5.0
11,86,1.0
476,94,4.1
87,13,2.2
312,29,5.0
26,29,3.7
343,5,5.0
361,24,3.2
211,48,3.5
292,26,5.0
236,68,4.5
468,52,1.9
433,58,2.7
316,32,2.2
8,43,3.1
320,59,4.9
236,56,3.6
230,42,1.0
246,50,2.3
15,26,4.5
206,47,4.0
70,3,3.8
319,94,1.8
248,7,3.9
412,11,1.0
334,22,5.0
176,17,4.3
131,79,4.3
253,39,2.5
407,54,3.2
78,8,5.0
24,47,1.2
234,48,3.6
194,87,4.0
491,19,5.0
307,18,4.2
61,73,2.7
378,67,3.2
233,30,3.3
52,46,4.4
93,16,4.7
316,23,1.5
401,77,5.0
372,21,2.2
63,82,2.8
466,68,2.5
97,92,4.5
472,34,5.0
268,26,3.1
198,76,3.4
397,60,5.0
445,8,3.3
116,13,5.0
263,24,1.0
77,81,1.7
430,42,2.4
197,29,2.6
90,67,2.6
186,81,4.2
475,45,2.8
253,51,2.8
140,72,4.1
346,62,2.3
358,46,4.3
314,37,2.1
95,17,1.0
241,76,1.8
367,34,4.8
149,3,2.1
361,60,3.4
463,35,4.8
10,62,1.0
165,80,5.0
424,20,5.0
197,47,2.9
378,95,5.0
413,4,4.4
457,57,4.1
399,83,3.1
464,64,1.6
34,84,3.9
359,86,4.2
66,96,1.0
403,59,5.0
393,14,2.4
492,78,1.0
332,40,2.1
208,32,2.4
136,13,3.1
313,48,1.0
391,13,4.4
199,81,5.0
383,68,5.0
160,9,5.0
489,50,2.1
179,87,4.1
43,84,2.9
193,70,5.0
179,73,2.7
477,0,3.6
383,93,4.8
173,69,1.0
30,79,2.3
277,82,2.7
322,66,1.3
289,19,4.0
67,31,3.7
234,17,5.0
115,11,4.0
314,70,3.6
159,60,4.3
9,79,5.0
213,9,1.7
187,69,1.0
189,44,3.6
449,12,3.6
163,26,3.4
71,4,4.6
122,4,5.0
122,23,5.0
391,97,3.0
315,5,5.0
50,3,1.4
48,26,4.8
86,26,5.0
64,1,3.3
71,16,5.0
224,31,1.0
188,89,4.7
66,23,2.5
325,9,2.5
11,84,1.0
180,59,2.8
397,14,5.0
244,59,2.6
124,98,1.0
252,77,1.6
137,13,4.0
112,43,4.9
466,82,2.0
456,8,5.0
266,70,5.0
236,90,4.3
167,3,1.1
219,71,1.4
465,32,3.2
372,58,2.9
261,0,2.6
192,29,4.8
458,90,4.4
345,73,2.7
432,80,4.7
408,2,3.1
266,36,5.0
264,20,5.0
141,36,2.4
273,52,1.0
296,92,3.4
302,84,2.4
57,47,5.0
356,9,1.8
387,33,1.7
353,24,5.0
417,75,1.0
50,44,3.6
446,18,1.0
305,33,3.3
310,22,5.0
74,81,5.0
424,34,3.5
47,22,2.4
340,90,4.5
16,84,1.3
333,96,1.0
57,62,3.1
370,35,5.0
443,38,1.7
92,64,4.6
479,19,3.9
484,5,5.0
473,20,5.0
219,57,4.0
98,11,2.5
140,90,2.6
233,29,3.2
434,51,1.8
340,66,5.0
454,83,4.3
208,5,4.5
105,18,5.0
244,82,1.0
250,70,2.0
479,58,1.3
208,22,3.5
349,55,2.1
74,88,5.0
375,49,5.0
450,99,4.1
397,35,5.0
305,63,2.6
412,50,1.0
216,39,1.0
273,62,1.0
357,81,5.0
348,67,5.0
327,23,3.2
428,27,4.8
448,86,1.5
371,66,1.0
284,72,3.8
456,23,5.0
314,47,3.8
256,16,5.0
271,84,5.0
223,39,1.0
293,50,3.1
258,90,5.0
31,62,1.0
227,73,1.0
249,98,3.3
112,38,4.6
62,83,3.7
360,77,4.1
135,64,3.8
135,75,4.3
485,63,3.3
182,77,4.4
491,81,5.0
386,69,1.0
190,54,3.4
354,86,3.5
440,30,4.1
287,28,4.2
274,67,3.1
85,97,1.5
268,43,1.7
425,82,1.0
78,32,5.0
317,70,4.4
209,5,5.0
276,98,1.0
487,73,2.5
145,18,2.7
420,95,2.8
404,97,3.2
347,54,3.6
143,93,5.0
80,38,3.2
430,83,2.9
179,59,4.5
284,97,1.3
125,81,3.1
247,92,5.0
121,62,4.1
465,22,3.5
349,1,2.7
288,69,1.0
460,99,5.0
95,29,1.0
466,25,2.2
288,85,1.0
94,76,2.8
342,30,3.2
313,70,2.7
327,57,2.2
474,66,1.4
357,44,5.0
24,78,1.0
325,98,2.2
131,72,5.0
235,99,4.0
439,52,1.5
232,55,2.8
75,33,1.8
107,96,5.0
453,96,1.8
167,56,2.1
2,14,3.7
23,43,2.7
233,48,1.0
287,46,3.6
276,18,2.0
246,83,2.7
150,53,5.0
176,12,5.0
132,9,2.3
368,20,5.0
179,12,4.7
232,26,4.0
23,34,1.5
127,23,1.0
7,43,5.0
10,18,1.7
257,16,5.0
21,84,3.4
52,57,3.3
9,74,1.0
89,37,2.8
496,45,5.0
266,83,5.0
102,19,4.6
167,90,2.5
123,45,3.8
364,78,1.0
470,89,5.0
14,7,3.4
431,87,3.7
442,26,5.0
308,93,2.5
416,79,1.2
479,17,1.8
22,67,2.2
232,90,2.6
11,75,1.0
414,65,2.4
100,42,2.4
114,38,5.0
264,82,3.1
306,34,3.7
137,7,2.3
457,38,3.2
265,20,4.7
310,19,5.0
279,2,4.3
397,98,3.9
227,77,2.0
188,33,4.8
7,90,5.0
446,78,1.0
193,12,5.0
450,29,3.2
226,55,2.2
70,30,4.9
180,77,2.1
298,12,3.1
280,64,1.4
164,65,2.7
458,45,3.7
498,86,4.7
94,84,4.4
122,53,4.7
386,90,3.5
109,38,1.3
91,5,5.0
164,49,5.0
468,92,3.2
103,43,4.9
332,85,3.7
355,9,2.4
149,79,4.0
287,77,5.0
262,91,1.6
208,48,1.0
409,28,4.6
256,47,5.0
348,59,5.0
72,23,5.0
326,30,4.9
344,84,4.6
236,45,4.7
251,73,4.5
360,60,3.6
170,93,3.3
485,34,3.8
101,75,2.6
100,30,4.3
102,62,1.3
407,47,3.7
273,34,1.0
465,20,5.0
189,43,2.8
314,82,3.4
153,95,5.0
271,81,4.9
5,72,3.5
192,70,4.8
469,43,2.0
93,36,2.2
84,41,1.0
77,19,4.1
123,30,5.0
329,66,4.1
391,75,4.5
121,54,4.7
441,60,4.6
272,34,1.8
325,96,1.7
131,4,5.0
63,3,2.6
346,68,3.5
272,40,3.0
38,83,2.4
42,34,5.0
410,76,1.1
468,28,1.6
457,75,2.3
111,13,5.0
322,55,1.0
37,49,5.0
149,53,3.1
435,4,2.5
224,7,1.0
486,39,1.0
285,52,1.0
420,55,1.0
279,94,4.1
403,62,5.0
348,74,2.6
427,92,4.2
368,69,1.0
276,79,2.3
32,36,5.0
294,64,4.0
363,26,4.8
455,92,4.7
412,5,3.4
236,98,2.9
0,85,4.0
415,74,1.0
466,54,1.4
206,2,2.7
410,92,2.8
387,57,1.0
427,72,5.0
448,72,3.6
478,83,1.7
147,70,2.1
360,86,3.2
441,37,2.4
441,79,2.6
4,12,4.3
202,89,5.0
435,94,3.1
57,28,4.7
414,44,5.0
180,22,2.4
105,90,5.0
171,83,1.0
199,41,4.8
110,56,1.0
57,37,2.8
322,51,1.0
71,59,5.0
435,65,1.1
294,6,5.0
286,88,5.0
121,13,5.0
484,84,2.2
182,96,1.8
433,24,2.6
1,49,2.1
187,11,1.0
223,27,3.8
67,59,5.0
50,11,3.4
415,52,2.8
247,12,5.0
385,97,1.0
202,84,5.0
181,2,2.7
21,91,1.5
406,44,4.1
225,55,3.3
181,38,2.1
305,91,2.1
221,19,5.0
422,46,4.2
51,52,3.6
292,31,2.0
25,93,1.0
237,14,2.5
136,28,2.8
202,21,5.0
17,31,4.0
405,25,5.0
250,17,2.1
255,10,4.9
263,56,1.0
243,17,1.4
304,95,3.6
221,4,4.3
455,51,2.8
319,95,5.0
498,51,3.2
333,59,3.3
45,28,4.5
263,13,1.8
476,51,3.2
444,39,2.6
146,85,2.1
449,71,1.0
334,71,2.5
204,80,4.1
224,63,1.0
123,23,4.8
154,16,4.8
324,15,2.4
456,59,5.0
211,56,3.9
441,22,4.4
218,70,5.0
290,59,3.5
370,30,4.0
94,94,2.9
3,3,3.1
191,62,2.4
8,14,2.2
169,68,4.2
210,48,2.8
255,70,4.1
305,52,3.1
3,95,5.0
48,21,3.9
139,93,3.2
188,2,5.0
220,71,3.4
369,45,3.7
51,37,2.9
152,44,3.7
385,37,1.0
12,25,5.0
422,29,4.6
129,52,5.0
226,25,3.2
41,52,3.7
31,77,2.1
488,58,3.5
301,3,2.9
370,44,4.5
478,61,5.0
157,16,4.2
249,40,4.9
328,19,5.0
414,64,3.8
396,34,4.6
290,15,1.0
425,6,2.6
405,91,4.7
377,43,2.6
315,60,4.1
368,77,3.7
240,10,3.8
155,84,4.3
456,17,5.0
162,18,1.0
36,27,5.0
482,63,1.0
99,70,5.0
449,76,2.1
227,97,1.0
119,65,1.5
32,50,5.0
180,53,1.0
438,73,2.5
454,14,4.4
164,55,3.8
119,27,4.0
290,3,1.0
70,93,4.6
322,41,1.0
417,59,3.2
164,21,3.7
181,6,5.0
83,7,4.2
499,5,5.0
191,69,1.5
21,72,4.5
192,48,2.0
80,94,4.0
350,2,1.0
198,0,3.8
10,68,3.2
383,54,4.1
242,60,5.0
432,42,2.0
21,31,1.0
477,23,4.3
314,63,2.8
379,36,1.0
492,69,1.0
491,85,5.0
280,36,2.9
3,94,5.0
411,49,3.4
443,20,3.8
229,13,3.0
2,73,2.6
493,90,2.8
113,82,4.5
203,42,1.0
142,96,1.4
94,57,4.4
404,10,5.0
361,71,1.6
313,78,1.7
275,95,5.0
152,6,5.0
255,14,2.9
260,17,1.8
486,80,3.1
414,72,5.0
148,74,1.3
293,39,1.0
277,51,1.0
58,41,2.4
12,82,4.6
194,9,4.0
191,19,5.0
241,21,2.2
235,96,1.9
195,59,4.8
326,10,5.0
276,87,1.7
410,72,2.8
31,69,1.0
127,0,1.0
87,40,1.1
51,26,5.0
129,8,4.8
239,97,1.0
247,48,1.5
18,76,1.7
361,28,3.5
353,1,4.8
382,54,2.5
438,43,5.0
396,93,2.6
166,93,4.0
472,99,5.0
215,96,2.6
399,93,2.8
78,14,5.0
65,55,4.6
408,42,1.4
155,82,3.3
24,60,1.0
232,94,2.6
35,98,1.0
361,98,1.7
451,73,3.1
107,70,5.0
234,52,5.0
216,33,3.8
154,31,1.0
492,21,1.4
211,94,4.2
357,59,5.0
390,62,2.0
241,46,2.6
388,57,2.9
423,35,5.0
135,26,5.0
111,97,3.4
294,80,5.0
151,61,5.0
439,59,2.7
409,82,4.1
137,50,3.0
428,26,5.0
187,1,1.0
294,12,5.0
29,64,2.7
436,56,1.0
122,61,5.0
89,33,5.0
424,66,4.7
223,81,2.9
224,29,1.0
4,83,2.0
446,67,2.0
486,89,1.4
256,86,4.2
79,62,1.0
270,70,3.5
245,50,5.0
60,47,3.9
141,51,1.1
333,42,2.0
343,69,1.0
380,58,2.8
18,26,3.0
435,74,1.0
244,44,2.8
409,6,5.0
359,6,5.0
242,74,2.6
371,85,1.3
469,11,2.1
172,39,2.1
474,48,1.0
271,3,3.1
381,61,5.0
346,73,2.6
165,64,4.0
95,94,1.0
199,92,5.0
364,41,1.0
58,90,4.8
486,94,2.3
48,58,3.0
102,13,4.0
76,89,1.0
424,58,3.5
125,28,2.7
447,61,5.0
55,89,4.5
363,88,5.0
261,65,1.1
167,25,4.5
457,0,3.5
310,55,3.1
407,41,1.0
114,92,5.0
431,30,3.6
446,61,5.0
6,76,2.8
109,8,1.0
337,11,4.6
149,86,4.0
195,57,1.9
200,25,1.0
220,24,5.0
255,42,2.6
302,24,1.6
236,10,5.0
176,9,3.0
331,83,3.7
157,3,1.2
456,1,5.0
380,78,3.5
175,20,5.0
199,17,5.0
383,83,4.5
210,3,3.4
252,92,1.2
178,23,5.0
207,25,4.9
476,30,5.0
499,93,5.0
12,92,5.0
161,59,4.8
90,46,2.5
140,15,1.0
86,91,2.9
382,62,1.5
207,97,2.2
215,33,3.4
212,66,3.3
8,57,2.7
29,68,3.9
492,42,1.0
197,39,1.0
19,79,3.3
303,21,3.7
273,16,1.8
69,1,1.0
30,12,2.6
181,5,5.0
437,31,1.0
19,14,3.9
60,97,2.2
220,37,3.2
455,97,3.3
81,97,1.1
485,17,3.1
102,17,2.9
65,61,5.0
125,55,2.0
288,63,1.0
301,33,3.5
65,5,5.0
125,49,4.9
308,4,2.6
436,86,1.0
308,95,4.3
346,85,5.0
364,30,1.0
450,30,3.9
232,81,2.8
150,1,3.4
20,89,2.9
107,89,5.0
14,46,3.4
29,34,3.7
99,44,5.0
240,59,4.8
254,74,2.7
129,83,5.0
243,9,1.7
488,0,2.1
219,35,5.0
499,10,5.0
52,45,4.5
377,24,2.9
341,3,3.8
308,40,2.2
24,22,1.0
7,52,5.0
18,85,3.0
253,69,1.3
214,2,3.8
454,79,4.0
18,48,1.0
464,86,1.3
397,63,5.0
262,29,4.4
411,76,1.6
145,56,4.3
206,11,2.5
363,73,1.5
161,10,5.0
48,4,4.3
263,44,2.6
418,15,1.0
270,90,3.9
481,19,5.0
8,82,1.8
191,10,4.9
387,91,1.0
488,70,3.4
184,25,1.6
121,47,5.0
216,40,3.7
492,71,1.0
210,91,4.0
191,8,3.1
0,84,2.0
211,27,4.9
39,85,5.0
420,8,1.0
341,59,5.0
370,39,1.2
465,29,2.6
272,16,5.0
21,3,1.6
320,98,1.5
170,11,3.0
427,96,1.6
102,26,3.9
0,50,1.0
24,13,1.0
221,97,2.1
149,54,3.3
195,16,4.3
311,55,1.0
302,63,2.4
272,62,1.7
31,15,1.3
244,48,1.0
133,70,2.7
366,61,5.0
124,44,4.0
130,17,3.2
169,42,2.2
343,21,2.7
253,14,3.6
252,75,1.0
4,39,1.0
391,99,5.0
455,8,4.2
133,42,1.7
376,3,2.5
447,8,3.9
413,12,4.6
320,47,3.9
117,59,3.8
444,49,5.0
156,13,1.2
284,91,1.2
458,98,2.3
73,82,1.0
483,52,1.4
224,41,1.0
253,47,4.6
468,61,4.7
339,93,4.5
310,59,4.4
315,98,2.5
106,45,2.7
499,77,5.0
325,45,2.1
341,38,4.5
379,84,1.1
15,31,1.0
198,53,3.3
287,47,5.0
91,97,2.9
170,80,4.4
161,50,3.3
427,84,3.6
125,21,2.7
269,69,1.0
14,1,2.6
53,49,5.0
174,4,2.7
145,92,5.0
203,17,1.5
258,85,5.0
307,21,3.6
66,57,1.4
352,85,5.0
135,79,4.1
356,18,2.0
3,10,5.0
8,53,2.5
55,58,4.5
148,68,4.2
78,85,5.0
84,24,2.1
53,50,3.9
271,94,4.5
224,14,1.0
407,33,3.4
454,56,4.5
141,86,3.8
191,49,5.0
270,27,4.9
0,33,1.4
445,92,5.0
88,42,1.0
56,74,1.0
492,67,1.2
286,35,5.0
133,16,5.0
92,11,4.4
97,47,4.3
485,43,3.0
437,43,2.1
215,40,3.5
455,36,4.2
245,79,5.0
281,25,5.0
433,25,5.0
27,14,2.3
356,30,2.8
88,7,2.7
33,3,2.2
345,2,4.1
314,5,5.0
115,10,4.8
33,47,3.5
94,82,3.1
425,66,1.0
442,50,5.0
127,56,1.0
100,88,5.0
105,33,5.0
105,16,5.0
462,63,5.0
394,90,1.0
43,31,1.0
497,57,1.9
394,44,1.6
152,67,2.4
26,70,4.5
332,77,2.7
235,48,1.3
403,98,5.0
67,6,5.0
111,17,4.9
86,6,5.0
417,65,1.0
486,52,2.2
381,74,1.0
270,76,3.6
230,21,1.0
239,73,1.0
40,76,5.0
235,52,2.7
109,3,1.0
499,6,5.0
8,46,2.6
265,36,2.5
388,91,1.9
35,22,2.7
161,11,4.0
352,4,5.0
80,48,1.8
343,56,2.8
282,30,1.0
162,47,2.2
430,79,2.9
494,87,1.0
135,63,5.0
476,58,4.3
264,35,5.0
249,83,4.3
495,96,4.7
125,19,4.5
95,49,1.0
244,27,2.4
265,69,1.0
69,8,1.0
218,55,4.5
190,15,2.4
438,55,4.3
43,5,5.0
444,27,5.0
417,6,4.6
45,3,2.5
126,76,1.0
442,49,5.0
333,7,2.9
428,34,5.0
12,45,4.8
85,22,3.4
285,78,1.1
303,50,2.7
88,26,2.4
118,90,5.0
258,75,5.0
336,78,1.0
175,96,3.5
177,93,3.0
383,37,3.4
3,90,5.0
393,54,1.8
112,65,4.7
357,39,2.9
300,61,5.0
245,78,5.0
419,34,4.4
78,86,4.6
244,7,1.5
35,45,2.3
320,77,3.6
172,87,5.0
465,98,2.1
161,68,3.8
94,45,3.8
308,64,1.0
493,57,3.5
225,8,2.4
140,50,2.3
247,84,4.7
135,51,3.2
346,65,1.8
400,36,5.0
244,52,2.5
221,11,4.2
401,33,5.0
433,52,4.2
40,19,5.0
12,66,4.6
291,90,1.3
179,34,3.7
326,51,2.8
59,72,4.8
34,0,2.6
267,43,4.8
89,15,3.4
237,97,1.3
201,37,4.8
424,57,3.3
489,56,2.6
481,79,4.8
204,3,1.5
367,48,2.6
246,93,2.0
79,30,1.8
418,48,1.0
311,38,1.0
293,34,3.4
387,96,1.0
208,1,1.0
376,13,5.0
180,93,1.0
421,3,1.0
348,71,2.5
450,82,2.5
222,86,1.0
225,24,4.1
26,62,2.3
11,40,1.0
26,65,1.7
291,0,1.3
242,89,3.8
5,15,1.0
80,35,5.0
111,79,4.4
235,33,2.8
342,29,3.1
403,23,5.0
159,85,5.0
292,45,4.5
254,64,1.9
25,72,3.4
2,17,5.0
101,83,2.1
62,75,1.8
274,85,4.7
64,56,3.3
324,62,1.0
312,57,4.0
262,7,4.3
484,56,1.0
315,39,1.9
279,54,4.7
213,68,3.0
194,95,5.0
125,8,3.5
234,16,5.0
344,17,4.1
360,79,2.6
448,94,1.1
94,46,4.1
416,48,1.0
52,53,3.8
312,3,3.0
253,70,4.5
321,4,1.8
78,41,3.2
490,64,1.8
352,32,5.0
489,86,2.2
20,63,3.6
346,96,3.0
242,98,2.6
279,10,4.8
448,56,1.0
308,96,1.0
347,55,3.1
305,56,2.0
23,23,2.0
219,92,4.5
279,87,4.9
230,97,1.0
208,15,1.8
131,45,4.5
399,66,2.6
353,10,5.0
421,45,1.6
490,45,2.7
499,55,3.2
271,15,4.8
49,56,1.0
493,9,2.1
414,47,5.0
204,85,3.2
289,85,4.2
460,33,5.0
154,69,1.0
30,23,2.7
212,61,5.0
9,94,3.5
183,44,5.0
392,55,1.0
483,46,1.5
70,37,3.1
443,50,1.9
71,99,4.1
302,88,4.1
104,35,5.0
482,36,1.0
331,56,2.9
122,12,5.0
343,27,4.5
315,9,3.2
367,53,3.8
212,65,1.0
213,32,3.1
79,47,3.2
136,17,2.5
233,7,3.4
145,51,2.2
332,81,1.8
404,24,4.8
210,65,3.3
381,75,1.1
474,69,1.0
487,63,2.0
239,80,2.1
472,70,5.0
44,74,1.3
16,19,3.1
227,36,1.2
44,90,4.0
85,91,1.0
224,52,1.0
146,82,1.0
152,45,1.8
462,60,5.0
453,21,2.2
403,4,5.0
177,59,5.0
270,15,3.2
426,83,3.3
75,17,1.6
82,50,4.4
177,36,3.7
439,45,1.0
178,12,5.0
99,12,5.0
1,94,1.0
379,7,1.0
475,96,2.4
491,44,5.0
353,64,4.9
21,4,3.7
298,70,3.5
314,34,3.5
178,1,4.6
361,36,4.2
198,2,4.5
167,65,1.0
319,49,2.6
444,15,2.9
452,80,5.0
215,5,5.0
357,62,3.4
267,42,4.9
327,93,2.9
223,47,4.3
243,13,2.7
394,37,1.0
336,48,1.0
332,95,4.0
22,29,3.9
75,55,1.1
480,60,5.0
434,33,4.6
129,65,3.2
271,4,5.0
459,35,4.7
437,69,1.0
399,53,2.3
441,88,5.0
434,56,3.2
166,23,5.0
198,4,2.9
108,49,3.1
120,13,4.5
476,83,4.8
168,18,3.1
88,6,4.4
170,78,1.5
202,56,5.0
41,8,3.3
431,55,3.8
404,15,5.0
279,13,4.4
424,45,2.8
308,32,2.4
1,52,1.0
74,92,5.0
225,49,4.7
101,38,3.5
130,88,4.6
15,56,3.3
170,39,1.1
101,20,5.0
29,93,4.3
259,19,5.0
418,40,1.9
390,61,5.0
64,92,5.0
208,80,3.5
365,0,4.1
267,46,4.8
78,69,1.9
121,68,5.0
70,72,5.0
178,11,5.0
308,36,2.6
48,16,5.0
405,32,5.0
311,68,1.1
225,11,3.4
378,44,4.2
119,86,2.6
225,12,3.8
209,65,2.7
129,93,5.0
295,26,4.3
393,39,1.0
412,96,1.0
88,97,1.1
59,37,2.4
150,89,4.1
52,11,5.0
3,7,5.0
54,67,4.0
36,34,5.0
91,70,4.0
395,79,3.6
98,47,2.8
440,33,4.6
120,30,3.4
2,46,3.0
453,75,1.0
214,84,5.0
373,65,1.4
287,34,4.6
217,31,1.9
238,71,1.0
196,65,1.3
210,77,5.0
426,47,4.4
167,10,3.9
116,35,5.0
499,57,4.4
169,34,4.9
332,28,1.7
124,90,1.0
75,40,1.5
215,47,4.6
415,87,3.0
434,55,3.0
195,51,1.0
393,95,5.0
311,22,1.8
401,1,3.7
35,26,2.7
483,13,2.8
320,85,4.4
80,78,3.7
243,88,3.7
233,8,1.8
322,67,1.7
62,73,1.8
169,99,5.0
248,86,4.4
314,15,1.7
157,51,1.8
61,43,4.3
124,29,3.0
130,99,3.4
160,17,5.0
362,30,4.2
65,70,5.0
20,52,4.1
435,97,1.9
102,58,2.1
115,43,3.8
329,65,2.8
157,31,1.0
47,64,1.0
251,43,5.0
114,26,5.0
101,71,1.5
437,72,4.3
138,47,5.0
357,54,5.0
181,50,2.4
93,64,2.2
440,79,2.5
448,35,4.3
294,78,5.0
370,20,5.0
116,89,4.5
323,84,4.4
474,20,4.2
259,85,5.0
349,37,1.0
288,17,1.0
83,15,3.0
177,82,3.4
64,16,5.0
195,69,1.0
80,73,3.1
499,36,4.2
498,42,2.8
427,47,3.7
214,57,4.2
286,30,4.7
62,31,1.0
458,87,4.5
71,42,2.8
231,48,1.7
436,76,1.0
285,82,1.0
99,33,5.0
68,90,1.0
59,14,3.2
8,29,3.0
381,24,2.7
156,68,1.0
160,13,5.0
490,72,5.0
31,36,2.1
214,9,3.6
220,18,4.2
289,30,2.4
195,14,2.2
123,31,2.6
187,48,1.0
237,36,2.0
226,24,3.2
450,47,3.7
65,10,5.0
430,45,2.8
45,53,4.5
414,60,4.4
398,54,3.1
365,43,4.3
445,1,3.6
402,2,3.3
53,13,4.9
466,23,2.0
17,53,5.0
250,87,3.1
10,52,2.8
264,66,2.8
483,72,3.7
335,86,3.5
293,57,2.2
314,19,5.0
384,40,2.6
97,34,3.7
367,23,4.7
246,21,2.7
293,78,2.5
367,68,3.6
69,27,1.9
177,97,2.1
426,75,3.3
141,4,4.1
394,78,1.0
307,79,4.0
322,80,1.2
90,8,1.4
471,86,1.6
52,34,3.6
468,74,1.0
418,2,2.2
305,0,2.8
63,26,4.7
174,66,3.5
292,4,3.6
363,64,2.6
200,17,1.0
192,16,5.0
31,45,1.2
251,77,5.0
5,77,2.9
491,65,4.3
210,31,1.5
389,26,4.3
469,91,1.0
278,43,3.5
258,51,4.2
112,86,5.0
274,62,1.6
173,49,2.2
450,49,4.7
41,73,2.2
308,17,1.6
400,85,5.0
3,88,5.0
489,41,1.0
459,68,3.9
234,6,5.0
180,86,1.2
273,27,1.1
84,64,1.7
171,19,2.5
265,63,2.0
388,95,5.0
318,23,1.1
476,90,5.0
312,52,3.7
194,14,4.8
93,11,2.7
465,67,3.0
422,9,4.0
355,52,4.4
482,5,3.5
330,20,3.9
234,82,4.2
310,54,3.0
448,24,2.0
27,69,1.0
203,59,1.8
304,97,1.0
393,90,3.6
260,71,1.0
410,95,4.3
409,98,3.4
160,47,5.0
495,18,4.1
182,47,4.3
229,1,1.2
470,70,5.0
139,41,2.0
352,31,4.5
307,45,5.0
232,65,2.1
325,43,3.2
387,0,1.0
194,75,2.9
379,45,1.3
92,13,5.0
484,91,1.0
342,91,1.9
21,65,2.0
78,50,5.0
213,33,2.6
393,21,2.5
466,98,1.0
264,86,3.8
170,61,5.0
437,21,1.0
362,62,3.1
383,4,5.0
154,90,2.6
491,39,3.2
71,10,5.0
435,17,4.2
334,59,4.9
82,47,5.0
308,83,2.0
107,13,5.0
260,63,2.0
128,34,3.2
204,45,1.0
458,95,5.0
14,68,3.7
384,27,4.6
253,46,2.9
299,88,2.9
412,34,2.1
52,54,4.1
144,85,3.2
409,13,5.0
159,17,5.0
445,95,5.0
59,67,3.9
371,37,1.0
265,57,2.5
306,65,2.1
206,39,1.0
458,89,3.8
128,90,3.0
278,90,2.4
369,25,5.0
26,87,5.0
155,36,4.4
96,58,5.0
152,89,3.6
244,22,3.2
200,15,1.0
175,67,4.7
197,70,3.4
360,3,1.4
30,25,2.9
456,5,5.0
395,11,2.7
498,91,3.7
119,26,4.4
195,2,1.9
109,20,3.7
484,17,1.8
464,45,2.2
127,76,1.0
465,40,2.3
36,30,4.7
359,77,5.0
481,16,5.0
4,21,1.5
164,20,5.0
176,18,4.0
110,75,1.0
406,0,2.7
320,30,3.4
307,73,3.1
28,43,1.0
189,58,1.5
45,93,3.7
34,12,3.1
113,78,5.0
278,76,3.3
84,43,2.8
152,83,2.8
376,80,5.0
400,13,5.0
212,70,3.1
180,37,1.0
476,89,5.0
252,54,1.0
462,23,5.0
249,90,5.0
231,32,4.3
26,75,2.9
126,0,1.0
40,3,4.5
361,94,3.0
24,75,1.0
77,66,1.5
430,88,5.0
94,0,4.0
76,92,3.1
450,39,1.0
25,43,1.5
250,14,1.6
139,13,3.9
177,42,1.8
290,57,2.2
177,96,3.0
66,63,1.0
144,42,2.2
105,0,5.0
198,52,4.3
80,4,4.1
171,39,1.0
391,32,4.5
363,32,3.6
235,30,3.2
360,81,3.0
476,18,3.9
488,24,3.4
464,94,1.0
416,32,2.5
279,47,5.0
361,41,1.4
407,71,1.2
303,55,2.8
223,15,1.3
245,47,5.0
104,48,2.5
309,31,1.0
354,75,2.9
354,51,1.1
338,4,4.7
242,22,4.6
240,23,4.1
192,80,4.0
411,77,3.9
488,27,3.3
177,11,4.4
464,5,4.0
262,38,3.1
139,60,4.3
152,65,1.0
438,4,5.0
14,16,5.0
371,34,1.0
178,53,5.0
460,29,4.4
32,10,5.0
109,11,1.7
495,79,4.6
124,37,1.0
383,42,2.6
202,26,5.0
256,37,2.9
100,68,4.9
347,68,3.8
175,94,4.3
186,34,3.9
209,30,4.8
365,14,3.9
485,24,3.6
29,90,4.4
277,53,3.8
328,37,4.0
438,2,4.3
186,24,4.4
214,70,3.9
98,40,2.1
315,43,4.2
72,38,5.0
226,85,3.4
74,12,5.0
54,6,5.0
43,90,1.4
196,77,4.2
397,39,2.4
186,83,2.8
424,7,3.4
43,29,2.8
213,54,2.0
137,21,2.0
425,85,1.8
249,72,5.0
249,68,4.9
335,90,3.4
494,33,1.2
431,40,4.4
339,52,5.0
129,0,5.0
95,99,1.0
235,6,4.7
382,17,3.2
321,89,1.9
438,20,5.0
398,22,4.8
144,63,3.0
260,7,2.3
258,60,5.0
332,35,4.8
139,67,4.1
133,89,2.3
216,80,4.9
105,23,5.0
172,44,5.0
92,38,3.8
339,65,3.6
446,38,1.6
187,58,1.0
55,47,5.0
453,5,4.8
74,59,5.0
88,51,1.0
422,56,2.7
420,9,1.0
58,51,2.8
154,73,1.9
207,23,3.6
18,74,1.0
476,72,5.0
103,64,2.8
335,39,2.3
358,83,4.9
205,11,2.7
230,15,1.6
84,17,1.8
111,1,3.2
110,43,3.1
153,8,1.4
60,31,1.0
0,58,2.4
341,36,5.0
316,55,1.7
22,65,1.2
78,2,4.7
499,79,3.0
65,51,3.9
104,87,3.9
23,96,1.0
429,56,1.6
327,95,4.9
159,72,5.0
361,55,2.0
44,55,3.5
481,7,5.0
350,33,1.6
460,82,3.1
177,77,4.5
413,55,2.9
321,86,1.7
205,12,2.9
99,61,5.0
70,1,5.0
435,11,2.9
72,40,5.0
182,53,3.9
138,51,5.0
439,56,1.0
156,60,2.0
257,59,5.0
367,54,3.0
26,30,4.0
458,97,3.3
67,47,5.0
277,98,1.3
365,8,1.9
447,83,5.0
29,59,5.0
300,93,3.3
271,10,5.0
317,43,4.0
384,93,4.5
96,92,5.0
341,23,5.0
126,5,3.8
128,88,5.0
20,51,2.8
186,27,4.0
439,31,1.0
312,47,5.0
137,61,5.0
155,1,3.3
483,36,3.1
303,65,1.6
403,60,5.0
113,11,5.0
400,47,4.4
379,40,1.3
397,3,3.1
313,67,2.4
456,40,5.0
198,11,3.8
317,81,5.0
137,22,2.8
16,94,1.0
387,88,2.6
40,39,4.5
12,28,4.9
317,10,4.6
250,4,1.7
467,69,1.0
210,54,4.7
131,47,5.0
463,73,1.0
344,43,4.0
26,12,4.3
142,2,2.4
280,50,1.6
40,12,5.0
51,59,5.0
243,60,1.8
253,61,5.0
477,3,1.9
97,36,3.5
4,7,3.4
281,47,5.0
77,49,1.4
268,1,1.0
276,52,3.0
461,59,4.1
385,27,1.3
262,46,4.6
48,89,2.8
25,81,1.0
182,89,3.7
119,37,2.4
411,50,2.5
258,42,4.7
366,27,5.0
204,76,2.1
212,96,1.1
189,76,1.6
269,75,4.4
14,44,5.0
24,99,1.5
35,80,2.9
100,33,5.0
131,42,3.3
275,61,5.0
488,32,3.0
323,21,2.4
439,47,1.8
166,88,5.0
55,35,5.0
482,25,1.3
264,4,3.8
210,2,4.5
482,86,1.3
332,94,1.5
1,30,1.2
125,79,2.7
252,82,1.0
357,56,3.3
248,90,5.0
312,21,3.4
8,59,4.0
406,50,3.0
171,69,1.0
284,90,2.3
127,30,1.0
34,34,2.9
499,43,4.6
490,96,1.4
334,90,3.9
266,56,5.0
322,95,3.6
0,29,2.7
396,62,1.7
466,27,2.7
90,64,1.3
413,71,2.2
371,36,1.0
35,94,1.1
413,97,3.5
263,2,1.5
142,51,1.0
85,14,1.4
189,7,1.5
281,48,2.4
184,73,1.0
439,41,1.0
92,8,5.0
339,77,5.0
340,41,2.3
79,32,2.3
178,57,5.0
357,35,5.0
427,12,5.0
36,38,4.3
236,3,2.6
150,55,3.6
415,25,4.7
259,79,4.1
176,51,3.3
46,58,3.9
137,0,3.4
342,0,2.6
302,39,1.0
248,61,5.0
83,30,4.2
216,23,4.2
470,9,5.0
62,20,4.3
427,50,3.5
105,57,5.0
50,45,3.2
178,72,5.0
203,89,2.0
251,24,5.0
136,53,2.4
268,25,1.4
120,61,5.0
180,90,1.8
181,92,5.0
280,84,4.0
85,56,2.2
261,89,1.8
282,26,1.4
106,84,4.0
168,49,5.0
199,10,5.0
425,67,1.0
8,90,2.4
72,73,4.3
357,12,5.0
88,17,2.8
3,54,5.0
385,29,1.7
213,26,4.2
317,72,5.0
378,85,5.0
99,35,5.0
188,75,4.6
483,25,3.1
112,14,5.0
371,5,2.7
466,72,3.7
270,99,5.0
313,2,2.3
146,16,2.1
473,29,4.1
62,96,1.7
302,74,1.0
395,20,5.0
359,62,3.1
185,68,3.5
274,51,1.8
261,33,2.1
253,29,5.0
325,22,4.1
145,43,4.5
288,12,1.4
188,31,3.5
143,86,4.6
87,51,1.0
342,38,2.3
36,89,4.5
316,5,3.5
377,91,2.0
441,44,4.5
33,12,4.5
312,59,5.0
173,78,1.0
159,63,4.5
73,22,1.8
161,24,3.7
2,72,5.0
149,8,3.2
171,5,3.9
63,66,3.9
73,10,1.1
364,54,1.0
164,36,5.0
75,27,3.8
54,65,3.3
274,39,1.0
472,94,5.0
60,72,4.1
120,38,3.7
153,46,1.9
465,50,3.7
480,50,4.1
124,12,3.1
82,32,5.0
345,76,3.5
420,88,2.9
168,91,2.9
496,42,3.4
41,14,4.6
335,56,3.1
392,60,1.0
347,14,3.7
85,15,1.0
425,61,3.7
207,6,5.0
474,85,3.1
95,15,1.0
242,79,2.8
55,9,3.6
246,51,2.5
419,40,5.0
276,39,1.0
388,56,3.4
329,51,1.7
35,54,1.6
174,3,1.0
480,4,4.5
414,82,3.8
217,42,3.7
217,43,5.0
43,6,4.8
95,48,1.0
440,41,2.1
439,24,1.0
433,17,2.6
46,17,3.9
137,42,1.4
14,39,1.0
117,4,2.7
132,72,5.0
105,12,5.0
116,24,5.0
330,15,1.0
132,22,4.3
201,81,5.0
442,3,3.9
77,9,1.0
157,41,1.3
28,9,1.0
460,56,3.8
344,1,2.5
33,21,2.8
56,67,1.0
221,29,4.5
230,30,1.3
369,88,5.0
131,32,4.4
381,30,2.8
476,85,5.0
190,96,2.6
162,8,1.0
31,1,1.0
489,65,1.7
337,79,4.9
243,64,1.0
107,26,5.0
483,32,1.4
141,95,5.0
485,76,2.6
317,47,5.0
47,16,3.4
83,42,2.4
346,41,1.9
311,8,1.0
112,98,4.4
53,98,2.8
301,1,3.6
386,31,1.0
396,51,1.8
406,67,2.7
420,21,1.0
94,74,1.6
97,78,2.3
398,3,3.3
360,90,3.1
354,8,2.5
434,26,3.9
293,80,3.8
331,33,4.0
52,24,4.8
228,55,1.0
218,50,5.0
273,74,1.0
345,84,5.0
330,11,2.7
364,7,1.0
489,12,4.4
486,95,4.7
249,65,2.9
355,97,2.7
137,24,2.5
224,58,1.0
123,57,4.7
265,51,1.3
400,93,4.1
254,36,3.1
154,97,1.8
190,52,4.0
104,1,2.8
341,45,5.0
409,63,3.9
296,58,2.4
362,35,5.0
247,20,5.0
63,10,5.0
444,25,5.0
491,24,5.0
76,36,1.7
251,31,4.1
348,80,5.0
424,29,3.1
482,67,1.0
493,5,5.0
36,96,4.3
249,59,5.0
76,83,1.3
97,33,3.1
313,95,4.5
214,50,3.2
207,50,3.0
393,13,3.2
229,41,1.0
130,46,2.8
169,76,3.9
405,77,5.0
442,93,5.0
383,10,5.0
163,36,2.8
160,12,5.0
258,10,5.0
119,1,2.9
140,9,1.5
55,78,3.9
489,68,3.8
148,99,3.8
461,56,1.7
268,95,4.8
63,91,2.4
23,38,1.8
311,91,1.0
427,29,4.6
62,60,4.0
335,57,3.3
40,26,5.0
142,55,1.0
436,19,2.6
192,98,2.3
260,88,4.9
62,38,2.0
91,73,1.8
100,20,5.0
26,61,5.0
130,98,1.0
38,47,3.8
343,63,2.9
227,74,1.0
322,35,4.0
381,21,1.5
356,71,1.0
53,82,2.9
17,9,5.0
19,32,4.8
314,27,4.0
76,2,2.4
390,20,5.0
322,93,1.3
15,92,3.9
458,93,4.2
325,49,4.1
376,45,4.3
262,4,3.8
331,50,4.5
105,46,5.0
377,45,3.4
205,90,2.8
343,48,1.9
194,58,3.4
151,73,1.0
64,70,4.8
45,47,4.6
325,12,3.9
251,96,4.9
432,59,4.1
275,45,3.8
242,66,4.8
329,67,4.7
85,92,3.5
443,72,3.6
27,25,3.2
240,87,3.4
482,59,2.3
368,19,5.0
183,4,3.9
106,3,2.1
60,89,2.2
445,80,5.0
22,84,3.7
79,54,1.6
456,55,5.0
166,26,5.0
156,18,1.0
138,17,5.0
331,10,5.0
92,79,4.5
143,75,4.6
448,19,4.3
225,79,2.6
180,4,2.0
424,52,4.3
356,81,3.2
16,83,1.0
378,84,2.8
95,5,1.8
483,27,3.8
183,70,4.7
111,67,3.9
466,44,3.3
384,20,5.0
262,5,5.0
366,3,2.5
428,68,4.8
87,72,2.7
339,68,5.0
41,77,5.0
488,7,3.6
482,32,1.0
442,38,5.0
345,42,3.7
422,99,5.0
308,42,1.0
153,13,3.7
262,58,4.2
160,28,5.0
32,18,5.0
314,80,5.0
322,7,1.0
338,23,4.3
336,62,1.0
370,70,3.4
168,25,4.9
396,84,4.5
263,59,1.9
342,3,1.7
208,28,3.1
446,35,4.2
316,94,1.0
377,77,4.3
138,1,4.5
306,11,3.5
318,22,3.0
329,63,4.0
370,95,5.0
424,94,4.0
2,52,3.6
345,8,3.0
352,99,5.0
317,0,4.6
62,68,3.3
60,53,2.0
106,36,3.1
316,71,1.0
424,8,3.0
174,40,1.8
35,42,1.0
394,79,1.0
64,2,4.3
32,30,5.0
456,61,5.0
433,50,2.7
246,46,1.7
328,64,4.3
466,47,2.6
145,81,4.8
342,83,2.1
251,98,4.1
159,6,5.0
55,50,4.3
479,51,1.1
441,2,3.1
400,15,4.2
321,98,1.0
420,45,1.0
244,25,2.3
358,14,4.2
461,9,2.0
216,82,3.0
69,51,1.0
439,70,1.5
378,49,4.8
398,24,4.2
380,43,3.3
338,97,2.8
401,55,5.0
156,83,1.0
38,32,3.8
146,91,1.0
347,76,3.4
320,80,3.3
48,33,4.6
311,10,1.8
233,34,2.9
235,41,1.0
356,92,3.7
436,79,1.0
283,74,1.5
295,24,3.0
465,34,3.9
433,78,3.1
395,14,2.2
454,55,4.5
463,12,2.2
200,84,1.0
217,30,4.7
269,44,5.0
353,8,4.5
431,64,2.4
228,3,1.0
158,68,3.9
179,20,5.0
201,97,4.6
253,75,2.8
475,63,3.6
242,65,2.6
426,12,5.0
168,46,4.6
255,81,4.5
466,50,2.5
307,0,4.6
240,80,4.8
246,63,3.7
246,87,3.9
1,3,1.0
331,27,5.0
328,38,4.2
409,19,5.0
137,51,1.5
408,69,1.0
297,52,5.0
444,22,4.8
172,15,3.2
476,91,2.8
6,52,2.5
433,40,3.2
306,23,3.8
116,33,5.0
268,24,2.3
99,65,4.3
458,35,5.0
499,29,4.5
112,20,5.0
367,85,4.9
133,37,1.0
220,94,4.0
31,12,2.7
455,14,4.2
52,27,5.0
173,83,1.0
195,32,2.8
295,85,3.3
409,64,3.9
327,49,4.0
12,68,5.0
182,57,2.7
382,59,4.2
424,37,1.6
371,9,1.0
144,50,2.8
345,67,4.6
296,51,1.0
101,11,4.3
114,17,5.0
248,72,5.0
119,58,3.9
497,78,1.0
494,18,1.0
424,49,4.6
173,50,1.5
418,85,3.1
482,26,2.5
354,3,1.8
480,22,5.0
14,36,3.4
477,55,3.2
159,11,4.3
167,1,1.3
481,62,4.2
128,25,2.7
266,24,4.8
189,57,1.8
232,32,3.4
254,13,3.7
378,92,5.0
222,60,1.0
407,65,1.8
352,49,5.0
77,52,2.7
273,32,1.0
83,79,3.2
455,7,5.0
447,89,5.0
200,33,1.0
489,92,4.4
380,45,3.4
481,5,5.0
324,77,3.9
338,64,3.7
132,82,3.1
285,49,2.3
280,96,1.6
300,62,1.3
449,91,1.0
433,8,2.1
360,43,3.2
8,79,2.1
24,53,1.0
179,33,3.7
3,85,5.0
11,59,1.4
402,98,1.5
179,86,3.5
321,29,1.9
361,90,2.8
34,15,1.4
120,14,3.0
248,32,4.4
319,73,1.2
264,28,2.8
489,53,2.9
89,85,5.0
446,73,1.0
39,78,4.7
91,93,4.0
105,52,5.0
429,68,1.8
121,74,3.5
348,44,5.0
287,68,4.3
286,96,3.6
205,49,4.3
171,29,1.0
453,83,1.6
6,73,1.4
248,96,2.5
245,19,5.0
332,53,2.5
44,81,3.6
483,66,1.5
376,31,2.6
386,14,4.0
77,30,2.1
431,26,5.0
0,39,1.0
149,62,2.1
47,19,3.8
245,69,2.7
114,31,2.6
400,26,5.0
432,63,3.3
192,28,4.8
58,83,4.2
389,62,1.6
194,69,1.0
168,28,4.8
430,99,3.5
203,23,1.5
10,45,1.9
221,43,4.0
28,33,1.0
228,4,1.0
34,44,3.4
279,33,4.3
303,2,2.9
393,66,3.1
308,38,1.9
150,72,5.0
234,26,5.0
380,14,4.3
497,97,1.0
491,94,5.0
394,36,1.0
5,10,3.0
247,63,4.7
428,80,5.0
498,58,4.4
491,76,4.9
188,86,4.3
380,50,3.6
23,30,3.1
473,90,4.3
21,74,1.7
466,89,2.3
427,71,1.0
235,46,2.1
399,43,2.5
254,3,1.2
37,2,4.6
45,30,4.9
133,4,2.6
259,96,3.1
153,55,2.6
117,61,5.0
189,53,2.0
90,0,2.6
345,98,2.9
415,60,3.2
260,99,2.9
268,57,2.3
202,24,5.0
176,33,4.5
82,62,2.7
96,72,5.0
132,30,3.6
11,56,1.0
149,5,5.0
31,83,1.8
274,77,4.3
107,55,5.0
12,29,5.0
143,98,3.6
85,99,2.7
333,35,5.0
103,24,4.1
462,37,4.4
366,82,2.7
213,1,2.6
456,34,5.0
346,89,3.4
55,18,4.5
190,31,1.7
266,58,5.0
160,22,5.0
242,52,4.4
488,98,1.0
258,91,3.9
282,15,1.0
479,1,1.8
105,24,5.0
296,30,1.9
249,5,5.0
70,54,4.7
378,20,5.0
457,82,3.9
70,71,3.3
258,59,5.0
23,91,1.3
460,63,5.0
378,34,3.7
457,42,2.2
236,79,4.2
420,6,3.3
33,71,1.6
247,16,5.0
296,8,1.1
292,78,3.4
40,74,4.3
437,27,1.4
59,4,4.2
452,75,4.3
13,41,1.0
125,35,5.0
400,3,1.9
439,57,1.0
405,52,5.0
281,2,4.1
433,19,5.0
144,35,5.0
322,3,1.0
152,63,3.0
478,33,3.2
60,12,3.6
204,50,1.0
14,35,5.0
6,88,4.1
259,61,5.0
110,66,2.6
340,96,2.4
118,21,5.0
6,37,1.1
15,50,2.3
13,88,5.0
183,0,5.0
357,10,5.0
192,26,4.8
193,58,5.0
175,70,5.0
206,6,5.0
217,22,5.0
62,50,2.6
35,49,3.5
217,61,5.0
146,12,1.3
128,50,2.7
117,98,2.3
486,15,1.4
337,40,5.0
319,13,2.6
308,28,2.6
58,94,4.6
460,12,5.0
408,67,1.7
340,83,3.5
151,37,1.0
5,1,1.9
129,77,5.0
453,79,1.5
192,79,4.2
231,92,3.6
350,36,2.5
247,76,4.0
310,43,3.5
391,86,4.3
257,7,4.7
340,39,2.1
17,22,5.0
103,82,3.6
451,2,4.0
368,44,5.0
196,89,2.0
112,50,5.0
311,43,2.2
222,95,2.2
334,63,4.3
476,1,4.5
182,55,3.3
182,26,3.3
132,23,3.8
167,51,1.0
390,49,5.0
66,90,1.2
480,25,5.0
307,60,5.0
433,16,5.0
348,12,5.0
263,64,1.0
45,29,4.8
263,27,1.7
22,82,2.2
13,10,4.0
453,48,1.0
460,77,5.0
5,31,1.0
469,26,3.2
392,24,1.2
76,66,1.9
397,18,4.3
265,79,2.7
449,99,3.0
133,48,1.0
490,58,2.7
31,34,1.8
114,67,5.0
213,30,3.3
63,87,3.3
398,60,5.0
498,69,1.7
125,12,4.1
167,21,2.8
420,24,1.0
309,97,1.9
103,79,4.0
51,0,3.5
246,17,3.4
142,95,3.5
346,18,2.4
166,60,5.0
332,1,1.0
60,75,2.1
46,3,1.2
280,60,3.4
229,58,2.8
497,95,3.5
269,99,5.0
334,49,5.0
0,20,5.0
328,7,3.9
493,99,3.6
305,46,2.9
119,53,3.7
109,43,1.2
34,16,5.0
266,88,5.0
285,11,1.0
385,32,1.3
274,32,3.1
6,12,4.1
185,26,4.6
377,38,1.7
218,92,5.0
88,44,3.5
267,49,5.0
481,94,5.0
159,34,4.5
463,38,2.1
387,69,1.0
180,45,1.1
256,65,1.4
225,1,1.8
159,87,4.8
484,74,1.0
363,75,2.7
84,15,1.0
220,69,1.9
334,60,4.5
453,62,1.0
169,32,5.0
442,21,4.1
151,97,1.6
135,99,5.0
276,9,2.8
301,42,3.0
332,34,2.1
273,66,1.0
411,15,1.4
432,24,3.1
419,1,3.6
1,14,1.0
412,39,1.0
194,72,5.0
361,45,2.8
401,41,3.9
11,74,1.0
339,50,5.0
1,89,1.0
369,81,5.0
413,98,2.7
497,70,1.2
179,29,3.9
409,54,4.0
423,11,5.0
80,47,5.0
304,34,1.8
496,99,4.5
212,36,2.5
367,40,4.8
245,16,5.0
153,63,2.0
362,22,4.7
357,3,2.7
111,44,5.0
132,59,4.1
393,64,1.2
200,41,1.0
307,33,5.0
493,94,2.7
17,52,4.9
242,78,3.3
240,82,2.4
197,31,1.0
468,10,2.5
5,6,4.5
115,88,5.0
450,16,5.0
283,50,4.0
15,81,4.2
347,53,3.8
34,77,4.0
124,2,1.9
51,74,2.1
281,18,3.4
304,47,2.5
23,17,2.9
36,85,5.0
30,49,3.6
274,9,2.9
37,18,3.5
374,53,2.5
378,41,1.0
259,11,5.0
47,48,1.0
345,54,5.0
282,16,1.0
98,3,1.1
222,5,2.7
116,30,4.3
125,36,3.1
15,40,3.9
82,91,3.1
97,89,2.7
340,4,4.6
41,67,4.7
40,91,4.5
143,24,5.0
222,73,1.0
103,0,4.6
43,54,2.2
253,15,2.7
147,13,3.2
491,82,4.7
89,99,4.7
121,67,5.0
85,36,2.4
375,39,4.9
316,9,1.0
172,85,5.0
156,5,2.9
344,49,5.0
132,14,2.7
65,46,5.0
238,17,1.6
238,52,1.6
399,70,3.1
400,25,4.6
492,37,1.0
128,5,4.8
445,89,4.6
443,74,1.0
90,25,3.4
473,24,4.7
176,46,3.6
176,23,4.0
393,40,2.6
141,54,2.1
428,64,3.8
51,9,3.5
133,25,3.6
157,99,4.3
292,55,3.5
230,27,2.3
158,69,1.0
254,14,2.7
70,87,5.0
348,63,5.0
46,36,4.2
128,35,4.7
159,89,3.9
220,80,5.0
140,48,1.0
176,70,4.3
113,59,5.0
158,62,1.0
371,41,1.0
434,52,4.1
329,69,1.0
64,97,3.0
410,59,3.1
224,62,1.0
69,44,2.4
92,59,5.0
382,48,1.0
340,19,5.0
463,87,1.5
159,4,3.9
81,54,2.4
491,47,5.0
249,3,3.3
460,74,1.9
330,88,4.1
191,94,3.7
168,54,4.2
183,73,2.5
438,14,4.2
358,37,3.6
352,21,5.0
230,76,1.1
132,31,1.0
494,21,1.0
407,25,3.9
121,90,5.0
356,14,2.2
458,9,2.8
265,67,2.0
458,76,4.4
465,39,1.1
426,59,5.0
347,30,4.1
497,71,1.0
488,26,3.4
22,1,1.7
456,53,5.0
375,50,5.0
76,51,1.0
387,25,1.1
158,37,1.9
457,66,3.4
33,95,5.0
461,96,2.6
160,76,5.0
364,34,1.0
278,14,3.1
287,95,5.0
497,87,1.7
457,21,3.3
394,62,1.0
239,89,1.0
420,14,1.1
44,61,5.0
152,35,5.0
152,12,3.8
303,46,3.2
48,68,4.6
128,44,3.9
292,67,4.3
279,53,4.0
352,20,5.0
384,79,2.5
159,73,3.1
189,0,1.7
486,54,1.3
480,57,5.0
451,17,4.1
171,25,1.6
102,72,4.0
414,33,4.3
389,12,4.4
457,20,5.0
352,81,5.0
229,76,3.5
38,37,1.6
397,23,5.0
27,16,3.9
222,54,1.3
235,87,2.5
144,13,3.8
69,83,1.5
115,72,5.0
427,91,1.9
283,15,3.3
79,35,4.2
36,48,3.4
324,6,5.0
229,64,1.5
123,51,3.3
68,67,1.5
27,0,2.9
76,60,2.6
216,73,1.0
373,54,2.9
4,5,5.0
366,53,3.8
263,48,1.0
388,16,5.0
14,71,1.6
447,60,5.0
311,57,1.0
305,15,2.0
346,83,4.0
289,47,3.0
209,82,3.1
330,4,2.8
345,92,5.0
134,56,1.0
193,62,4.8
246,66,3.8
157,39,1.0
135,32,5.0
137,10,4.1
459,2,2.5
193,50,5.0
453,11,4.0
18,47,2.1
450,27,4.1
366,48,1.7
195,79,1.0
429,28,2.7
221,52,4.2
97,88,5.0
90,39,1.0
153,39,1.0
128,38,2.7
126,42,1.0
170,67,2.9
260,30,2.9
486,37,1.0
300,22,3.7
318,89,2.5
415,83,2.9
71,14,4.6
81,43,2.8
463,51,1.0
210,87,5.0
79,56,1.6
448,9,1.1
98,78,1.0
66,70,1.5
399,0,1.9
171,63,1.0
232,79,2.0
388,2,3.3
350,75,1.3
236,40,3.9
74,96,4.4
64,63,4.2
392,6,2.1
379,60,1.0
22,83,2.7
295,81,3.0
191,86,3.6
98,22,3.2
432,74,1.1
426,40,4.3
486,74,1.0
495,25,5.0
125,73,1.4
361,1,2.1
129,97,3.5
202,28,5.0
464,15,1.0
493,98,1.1
230,52,1.8
375,94,5.0
46,98,2.6
259,13,5.0
467,15,2.1
114,97,2.9
435,50,1.6
372,99,4.1
449,29,2.4
121,2,5.0
198,3,1.0
424,22,5.0
74,71,3.4
87,66,1.0
408,61,5.0
82,29,5.0
97,40,2.8
100,1,3.8
53,32,4.2
444,86,3.9
85,31,1.0
57,13,5.0
494,77,1.0
332,37,1.0
442,86,3.8
194,2,3.4
384,4,3.5
34,6,4.7
212,7,3.6
479,65,1.1
334,86,4.5
208,26,4.4
335,96,2.5
282,90,1.0
407,23,3.2
454,1,4.6
211,18,3.8
41,50,3.7
203,68,1.3
191,12,4.8
447,41,2.5
5,59,3.8
181,24,2.9
230,17,2.1
409,81,4.1
80,5,5.0
232,3,1.4
187,25,1.2
41,55,3.7
295,20,4.1
241,84,3.4
254,99,3.7
60,57,2.5
7,17,5.0
223,0,4.0
27,15,1.2
395,9,2.4
244,28,2.1
385,84,1.9
291,12,2.4
236,7,4.5
303,22,4.1
273,35,2.0
490,30,3.2
484,36,1.9
268,50,1.2
126,36,1.2
247,59,5.0
244,32,1.6
118,3,4.6
243,31,1.0
54,23,4.4
102,29,3.9
36,35,5.0
303,52,3.9
498,68,5.0
377,96,1.4
499,63,4.3
492,54,1.6
324,65,2.3
404,95,5.0
208,70,1.7
93,58,2.7
260,19,4.6
423,19,5.0
127,21,1.0
487,32,2.6
175,16,5.0
477,4,4.2
240,92,3.6
75,92,2.1
334,61,5.0
367,66,3.3
168,66,4.5
488,89,1.8
281,33,3.9
244,1,1.0
152,55,1.9
120,9,3.4
82,28,4.5
102,3,1.2
498,72,5.0
471,68,2.4
417,46,1.4
182,97,2.7
485,48,1.0
267,98,3.1
268,89,1.8
453,50,2.3
412,47,1.7
61,48,3.2
165,71,3.4
387,6,3.5
409,52,4.0
97,54,3.8
470,90,5.0
376,14,4.8
297,82,3.5
423,34,5.0
290,77,3.6
39,65,4.7
218,0,5.0
187,4,1.0
163,70,2.8
50,49,3.9
298,28,2.9
130,12,2.9
109,13,2.1
238,56,1.0
358,55,4.9
349,98,1.3
58,71,2.5
388,12,5.0
272,37,1.0
382,2,3.2
309,55,2.3
138,98,4.1
74,36,5.0
24,1,1.0
184,97,1.0
448,74,1.0
143,65,3.1
44,69,1.0
454,53,4.7
157,91,1.8
174,54,2.9
470,7,5.0
109,88,3.3
336,6,4.7
66,15,1.0
49,11,1.0
106,94,3.2
169,57,4.3
77,80,2.9
345,71,2.3
151,56,1.8
361,69,1.0
487,4,2.3
370,17,4.2
263,14,1.0
492,94,1.0
53,21,3.3
282,11,1.0
172,42,2.5
374,51,1.7
146,80,2.4
244,46,2.2
105,99,5.0
431,66,4.2
464,9,1.5
75,29,1.1
0,18,1.3
356,67,2.6
96,63,5.0
450,40,3.1
105,68,5.0
74,83,5.0
377,29,4.0
337,96,3.6
335,47,4.9
320,14,2.7
218,72,5.0
172,14,4.6
457,72,5.0
216,8,2.4
77,57,1.3
6,53,2.6
50,22,4.6
302,12,3.2
88,90,2.4
430,61,5.0
125,60,3.5
78,62,4.2
204,2,1.9
228,84,1.0
155,33,4.7
219,60,4.5
499,64,3.7
256,82,5.0
227,82,1.0
110,72,4.1
148,77,4.5
49,78,1.0
386,86,2.1
224,88,2.3
404,35,5.0
334,44,5.0
357,48,3.1
75,43,1.0
32,0,5.0
395,23,3.3
225,28,3.3
253,98,3.1
330,64,2.6
125,24,2.4
128,76,2.4
162,81,2.2
197,78,1.6
59,24,4.2
197,53,2.2
340,33,5.0
394,96,1.0
335,51,2.2
42,44,5.0
348,1,3.8
71,82,3.4
193,95,5.0
277,60,4.0
369,26,5.0
485,60,3.5
188,7,5.0
39,68,5.0
230,56,1.0
97,2,2.8
310,30,4.5
445,58,4.5
72,7,5.0
428,88,5.0
163,46,2.3
261,4,2.6
203,7,1.7
198,93,2.8
391,76,3.8
214,68,5.0
466,57,1.5
284,53,1.7
262,63,4.5
80,64,4.5
103,47,5.0
216,14,2.5
334,51,2.2
443,86,2.6
155,23,4.7
432,51,1.8
463,3,2.4
480,35,5.0
346,70,5.0
480,73,3.6
248,85,5.0
483,88,3.8
5,37,1.0
288,86,1.0
124,14,1.4
281,55,3.5
421,58,1.3
409,30,3.9
155,63,4.5
385,33,1.5
144,27,4.2
15,37,1.9
486,50,1.4
470,13,5.0
53,20,5.0
45,97,3.1
154,26,5.0
313,77,2.7
75,68,1.9
354,5,5.0
194,40,3.7
428,42,3.1
155,99,4.8
153,20,4.3
354,87,3.3
427,73,1.2
429,85,3.3
424,42,2.2
470,25,5.0
192,20,4.8
443,89,1.6
397,47,5.0
134,29,1.0
155,94,3.7
186,93,2.9
347,82,3.0
405,57,5.0
440,60,4.4
68,41,1.0
489,48,1.0
131,73,4.2
493,93,3.8
444,6,5.0
240,32,2.0
365,50,3.3
451,3,2.6
170,63,2.3
469,49,3.1
306,29,3.4
250,58,2.3
476,75,4.5
54,77,4.9
360,85,4.5
346,56,4.3
384,89,2.4
451,72,5.0
346,61,5.0
369,20,5.0
89,24,4.8
331,49,4.5
304,76,1.0
219,98,1.0
152,24,3.1
287,18,3.4
200,0,1.0
165,83,5.0
380,99,4.4
17,16,5.0
420,83,1.0
33,88,5.0
241,31,1.0
375,90,5.0
232,44,4.4
119,89,2.6
442,6,5.0
479,92,3.5
271,58,5.0
281,93,4.7
40,67,5.0
158,88,4.9
94,64,3.1
322,48,1.0
399,12,3.8
342,56,2.1
91,98,2.3
236,85,5.0
178,95,5.0
23,22,3.0
474,76,1.0
126,13,1.3
457,55,3.7
290,96,2.3
207,87,3.7
244,50,1.9
380,57,3.8
111,94,4.2
377,31,1.0
403,20,5.0
182,17,3.6
211,85,5.0
237,76,1.4
93,12,4.0
210,79,4.9
392,91,1.0
419,65,3.1
241,2,3.2
497,52,1.3
402,82,2.9
62,42,1.5
154,75,2.8
381,59,3.7
358,42,3.1
492,46,1.0
344,16,5.0
128,86,1.9
39,4,5.0
308,19,4.3
118,88,5.0
470,38,5.0
221,69,1.0
61,93,4.7
78,46,5.0
409,78,4.0
13,50,3.0
1,18,1.0
155,87,4.0
264,14,2.8
64,78,3.8
435,59,3.3
415,11,3.6
164,97,4.1
227,18,1.0
197,41,1.0
7,28,5.0
80,70,4.5
104,84,4.6
437,90,1.6
280,42,1.9
292,79,3.9
464,22,3.3
243,82,1.0
107,54,4.6
485,33,2.5
468,16,4.3
224,22,1.6
256,90,4.2
102,44,4.8
60,35,5.0
351,50,2.1
378,27,4.5
414,66,5.0
415,59,4.7
368,24,3.9
146,60,1.7
133,65,1.3
390,73,1.3
190,28,4.3
470,59,5.0
415,24,2.6
368,4,4.9
389,39,2.0
312,90,4.3
142,50,1.0
153,7,2.9
158,66,3.9
390,92,4.8
404,22,5.0
157,89,3.7
231,6,5.0
97,95,5.0
360,89,2.5
397,80,5.0
328,54,5.0
327,1,1.0
496,50,3.3
220,79,3.9
134,82,1.0
34,50,2.0
227,39,1.0
88,70,3.3
279,25,5.0
353,57,5.0
390,7,3.0
119,42,1.9
58,37,3.6
424,97,2.4
210,66,5.0
259,91,4.0
194,46,4.5
57,43,4.6
417,77,3.0
9,43,4.8
434,28,3.7
251,74,4.0
384,28,3.7
447,11,5.0
158,44,4.6
15,67,2.7
395,30,2.5
338,40,5.0
491,63,5.0
493,20,4.0
220,77,5.0
104,12,5.0
396,58,3.0
83,74,1.7
358,19,5.0
231,47,5.0
315,77,5.0
347,36,3.8
399,85,3.6
495,61,5.0
272,65,1.0
16,76,1.5
218,5,5.0
47,17,1.4
244,70,2.4
305,9,2.1
2,66,4.4
190,26,4.0
432,27,4.0
13,25,3.8
100,19,5.0
257,83,4.9
265,59,3.7
251,60,5.0
491,20,5.0
79,90,1.6
385,1,1.0
300,68,3.3
261,49,3.3
187,37,1.0
54,75,3.6
322,57,1.0
189,34,3.0
278,80,5.0
353,48,3.0
216,25,4.5
215,23,4.5
478,62,1.0
194,78,2.9
68,6,3.0
482,97,1.0
12,88,5.0
27,39,1.0
127,96,1.0
468,43,1.6
115,93,4.7
475,81,2.7
194,91,3.2
15,95,5.0
437,78,1.0
124,5,5.0
212,62,1.0
418,3,1.0
25,96,1.0
222,94,1.0
460,16,5.0
90,6,4.3
136,37,1.1
200,27,1.0
200,86,1.0
10,73,1.0
11,65,1.0
337,85,5.0
413,9,3.6
98,73,1.0
191,93,4.8
77,47,2.4
499,86,3.7
466,31,1.0
475,14,2.7
181,59,4.6
40,68,5.0
288,66,1.0
15,97,1.8
491,18,4.5
21,99,4.9
146,62,1.0
232,64,2.7
367,29,4.2
398,4,3.0
206,41,1.0
223,32,4.7
367,26,4.5
4,50,3.1
308,18,1.0
129,42,3.5
298,54,2.4
461,89,1.8
442,95,5.0
145,25,5.0
9,9,3.6
88,69,1.0
207,59,4.6
353,3,2.9
215,50,4.0
486,92,3.8
392,14,1.0
361,77,3.9
30,77,3.6
459,20,5.0
36,36,5.0
181,85,3.5
212,59,3.1
25,52,1.1
449,86,2.6
490,44,4.6
120,96,2.8
43,8,1.7
193,75,5.0
151,42,1.1
138,94,5.0
420,85,2.2
269,80,5.0
444,53,3.9
174,39,1.0
306,0,3.1
485,5,5.0
47,71,1.0
171,38,1.0
220,27,5.0
359,47,4.5
166,40,4.3
51,21,3.7
490,99,4.1
33,60,4.8
237,73,1.0
356,63,2.7
180,50,2.0
434,27,5.0
203,4,2.3
365,52,4.2
130,47,2.9
170,8,1.9
245,89,5.0
89,35,5.0
257,63,5.0
120,58,2.8
290,87,2.5
1,26,1.7
209,43,4.6
276,41,1.0
261,17,3.1
345,82,3.2
44,47,3.2
355,1,3.1
333,53,2.8
272,52,2.0
166,51,2.2
224,71,1.0
101,81,4.0
477,60,4.1
14,32,4.0
442,65,3.1
418,84,2.3
276,4,3.3
425,62,1.0
184,47,1.0
330,53,2.0
98,37,1.0
315,2,3.9
422,48,3.1
332,16,2.9
118,6,5.0
26,2,3.7
62,22,4.6
182,30,3.8
113,73,4.4
45,63,4.7
325,69,1.0
120,60,4.3
113,98,3.7
379,87,1.0
4,43,3.6
99,55,5.0
292,15,2.2
92,48,2.6
167,99,3.2
247,86,4.2
229,85,4.2
123,76,3.4
434,60,4.7
229,57,2.6
34,28,2.9
131,46,5.0
20,20,5.0
360,55,2.1
125,29,3.7
494,3,1.0
33,89,3.6
257,42,3.5
458,75,2.4
107,61,5.0
428,85,5.0
386,53,3.1
427,6,5.0
218,57,5.0
347,51,2.2
442,27,5.0
168,12,5.0
27,75,1.9
45,59,5.0
55,62,2.4
188,45,4.5
171,9,1.0
342,96,1.9
349,60,2.2
460,73,3.0
71,53,3.4
497,68,1.0
397,79,4.2
71,8,3.2
166,24,5.0
178,40,5.0
450,83,2.9
146,64,1.2
348,25,5.0
8,56,2.1
334,91,2.5
124,11,1.2
495,2,5.0
315,28,4.1
311,54,1.0
349,28,2.8
9,78,3.5
434,10,5.0
153,15,2.0
201,62,4.3
437,93,1.3
470,19,5.0
268,52,2.7
457,78,2.2
385,68,1.0
115,16,4.9
266,47,5.0
487,0,3.0
40,79,5.0
241,62,1.5
175,61,5.0
455,22,5.0
260,34,2.3
224,40,1.0
63,1,2.6
262,69,1.0
28,59,1.6
195,40,1.0
191,15,2.6
353,37,4.0
335,0,3.0
5,66,2.5
456,51,5.0
422,40,3.9
326,58,4.6
281,68,4.9
215,68,4.6
28,16,1.2
209,29,4.6
302,40,2.2
371,39,1.0
358,67,4.7
485,79,2.3
126,41,1.0
135,6,5.0
321,63,2.0
96,68,5.0
52,71,1.9
485,21,2.8
471,36,1.6
395,10,4.4
442,30,4.7
238,74,1.0
304,62,1.0
304,29,1.8
452,91,3.2
372,6,5.0
362,44,5.0
182,32,4.4
396,77,3.1
356,8,2.1
4,86,2.6
153,77,4.7
125,27,3.3
486,18,1.0
12,50,4.6
63,83,3.7
391,41,2.6
474,13,2.2
296,91,1.1
307,16,5.0
205,54,2.7
193,36,5.0
69,4,2.1
188,34,5.0
470,72,5.0
357,52,4.7
274,81,2.9
66,11,1.5
151,92,4.3
72,94,5.0
149,12,3.7
1,2,1.4
342,99,3.9
139,8,2.1
28,55,1.0
400,52,5.0
361,87,2.9
127,42,1.0
450,87,2.4
118,67,5.0
259,28,5.0
437,45,1.6
87,18,1.0
427,83,3.6
315,85,5.0
340,64,3.7
46,46,2.9
424,81,4.0
157,20,4.9
71,95,5.0
59,93,3.2
151,20,4.8
306,76,3.1
102,66,3.4
272,9,1.4
94,60,4.2
153,57,3.1
343,37,3.4
312,56,2.7
233,57,3.7
9,15,2.5
80,80,4.9
277,26,4.1
327,17,2.9
151,79,2.2
4,48,1.0
179,0,3.5
485,0,2.3
112,74,3.9
488,37,1.9
253,99,4.3
185,59,4.8
141,12,4.2
399,76,1.4
430,38,3.1
161,76,3.6
158,29,3.1
277,0,2.5
96,17,5.0
447,54,5.0
282,54,1.0
170,47,3.2
225,64,2.6
287,59,5.0
72,45,5.0
483,38,1.6
337,71,3.4
205,7,2.8
373,59,4.3
58,23,5.0
72,47,5.0
189,42,1.0
267,79,4.7
195,11,2.2
158,50,2.4
138,92,5.0
284,60,2.7
375,93,5.0
476,93,5.0
248,73,2.9
214,97,3.4
206,74,1.0
449,88,4.2
191,2,4.2
239,86,1.0
112,7,5.0
416,24,1.5
302,32,3.5
231,56,2.5
188,68,5.0
7,47,5.0
335,62,2.3
414,52,4.7
185,28,3.7
364,66,1.0
53,88,5.0
433,21,2.8
192,55,2.5
337,17,5.0
87,21,1.1
441,26,5.0
397,43,5.0
140,22,3.7
184,81,1.1
41,27,5.0
142,88,3.7
183,13,4.8
446,16,3.2
164,28,4.3
342,74,1.3
33,49,4.2
61,33,5.0
237,12,3.6
392,7,1.0
105,74,5.0
110,79,1.3
20,12,4.3
14,60,4.9
29,83,3.8
127,33,1.0
268,9,1.1
3,37,4.2
388,36,3.3
444,62,3.3
317,45,5.0
384,8,2.8
366,8,2.8
300,52,3.7
184,18,1.0
468,55,1.0
393,67,3.2
40,18,5.0
408,73,1.0
298,3,1.0
147,19,5.0
443,31,1.0
171,7,1.0
143,76,4.2
126,65,1.0
308,3,1.1
101,29,4.0
465,44,3.6
377,0,2.7
102,25,4.1
344,40,3.9
415,93,1.7
39,31,3.5
363,80,3.5
122,40,5.0
417,11,1.8
11,90,1.0
266,60,5.0
393,78,3.3
96,41,4.5
30,76,1.0
295,62,1.9
308,63,1.6
280,17,2.7
379,89,1.0
135,50,5.0
338,68,5.0
291,29,1.0
267,58,4.7
86,76,3.1
250,7,1.3
250,86,1.6
185,49,4.3
87,95,5.0
109,23,1.6
327,86,2.3
379,86,1.0
490,51,1.9
393,2,2.0
145,94,3.7
221,80,3.9
433,89,3.1
5,50,3.1
346,94,3.7
215,44,5.0
178,68,5.0
207,30,4.2
386,62,1.5
462,50,4.5
86,18,2.6
287,71,2.5
348,2,5.0
390,65,1.5
424,25,4.3
493,52,3.5
427,43,3.4
382,32,3.9
336,39,1.0
139,26,5.0
123,29,5.0
106,0,3.7
46,2,3.3
389,81,3.5
9,29,5.0
114,91,4.6
412,78,1.0
308,65,1.0
162,85,3.5
285,92,2.2
351,17,3.2
72,74,4.0
373,3,1.7
296,6,4.0
158,98,1.0
314,49,3.5
71,18,2.9
51,79,3.2
46,47,4.0
187,33,1.0
308,23,2.5
199,1,5.0
265,22,3.3
441,49,4.3
183,65,2.2
406,74,1.0
129,99,5.0
358,34,4.4
94,31,1.0
38,81,2.9
63,0,3.0
363,25,3.2
290,45,2.8
160,32,5.0
285,91,1.0
287,65,2.9
475,79,2.9
436,3,1.0
89,30,5.0
303,98,1.1
362,89,3.8
386,1,2.0
418,4,1.5
205,15,1.4
59,96,1.9
30,53,1.9
184,65,1.0
438,17,4.4
476,35,5.0
126,95,2.7
339,15,5.0
97,50,2.9
320,93,2.4
7,64,5.0
121,27,5.0
270,65,2.6
426,7,3.7
499,85,5.0
149,85,5.0
474,44,2.9
59,27,5.0
393,61,5.0
169,38,3.9
50,17,3.0
201,3,4.5
493,16,4.9
138,71,4.3
222,47,1.0
175,1,3.3
323,88,4.6
74,1,4.8
276,5,5.0
70,56,3.9
144,82,2.5
72,99,5.0
65,89,5.0
497,53,1.0
76,54,1.7
429,40,1.4
9,16,5.0
252,3,1.0
387,74,1.0
479,52,2.5
383,88,5.0
128,51,1.1
258,5,5.0
206,84,4.0
473,96,3.5
9,5,5.0
160,62,4.6
354,29,3.4
206,76,3.0
374,22,5.0
405,36,4.8
204,23,2.4
173,5,4.4
282,44,1.5
21,86,3.0
154,66,2.7
130,55,1.5
52,66,4.5
454,16,5.0
268,58,1.5
105,58,5.0
462,79,5.0
495,26,5.0
149,76,2.9
111,71,3.4
297,73,2.8
470,75,5.0
377,14,3.2
348,41,2.7
86,70,3.6
34,8,1.4
318,51,1.0
17,43,5.0
479,63,1.8
283,49,5.0
83,14,3.1
448,26,2.7
210,64,4.0
293,43,2.5
221,9,3.2
99,5,5.0
490,83,2.0
352,37,5.0
154,30,3.3
301,32,5.0
308,82,1.2
299,68,1.0
301,95,5.0
193,55,4.6
253,73,3.4
34,58,1.7
20,81,3.5
10,11,2.8
206,19,3.8
21,0,3.5
37,12,5.0
239,70,2.6
387,23,1.1
349,40,2.9
484,35,4.8
307,22,4.8
307,9,2.8
461,15,1.4
300,8,1.6
161,53,4.0
37,63,4.4
430,93,3.1
358,36,5.0
44,9,2.8
421,91,1.0
169,74,1.5
225,43,4.2
259,14,4.8
417,47,2.7
122,93,4.8
151,87,2.6
141,64,2.6
249,28,5.0
12,48,3.1
73,39,1.0
118,41,3.4
376,36,4.1
17,86,4.9
56,81,2.1
92,27,5.0
477,85,4.3
89,36,5.0
145,32,5.0
357,4,5.0
345,31,2.3
435,66,3.6
390,1,2.2
136,24,2.6
19,36,4.6
86,37,2.4
432,48,1.8
358,47,5.0
398,56,3.6
107,3,5.0
145,87,4.2
90,23,2.9
302,34,3.2
58,98,3.3
72,86,5.0
27,2,2.7
44,19,5.0
427,81,3.5
366,9,3.2
168,71,2.5
43,19,4.2
428,12,5.0
171,92,1.7
439,44,3.0
172,48,3.2
377,50,3.1
256,40,5.0
60,20,5.0
92,15,3.2
27,21,2.2
100,16,5.0
246,67,3.4
183,82,2.9
112,17,5.0
466,51,1.0
155,69,2.1
420,66,1.0
321,84,2.5
297,74,1.5
183,33,4.5
434,75,3.7
379,26,1.6
81,68,2.4
234,54,5.0
125,82,2.0
217,74,2.5
75,32,2.0
425,5,2.2
350,65,1.0
431,88,5.0
227,58,1.0
403,82,5.0
229,40,3.2
33,54,3.4
145,4,5.0
178,81,5.0
433,15,2.6
343,7,3.9
9,52,4.1
61,80,5.0
207,48,1.3
84,80,3.1
214,61,5.0
314,86,3.2
44,4,3.6
427,55,2.7
61,18,3.5
256,85,5.0
219,47,4.6
14,19,5.0
162,20,4.6
433,3,2.7
296,84,2.8
52,87,3.2
122,48,3.3
60,5,5.0
380,27,4.5
106,85,4.6
201,42,5.0
484,43,1.7
371,25,1.4
10,0,1.9
107,81,5.0
330,59,3.3
83,93,3.4
65,40,5.0
413,21,3.2
89,92,5.0
154,71,1.2
453,90,2.5
224,20,2.1
131,76,3.8
92,1,4.2
323,0,1.8
189,17,1.9
180,85,3.5
13,4,3.6
483,35,4.1
395,77,4.1
32,46,5.0
467,65,2.3
29,70,3.9
444,54,5.0
305,72,4.9
215,78,2.0
214,86,3.9
303,64,3.2
81,31,1.0
10,1,1.5
190,16,5.0
498,54,4.0
254,79,2.6
133,13,3.8
166,14,3.2
337,68,4.6
365,13,5.0
325,5,5.0
346,2,4.1
467,5,5.0
138,41,4.4
326,65,3.6
165,85,5.0
116,50,5.0
278,8,2.9
418,38,1.0
157,93,3.6
147,73,2.1
361,66,3.3
103,61,5.0
358,58,5.0
363,61,5.0
259,78,4.3
290,12,3.4
360,34,3.3
178,78,4.4
473,23,4.7
90,37,1.7
163,54,1.9
128,94,2.4
190,53,4.0
215,31,1.3
215,88,5.0
216,29,4.3
420,70,1.3
120,26,4.6
122,11,5.0
326,69,2.6
141,98,1.4
134,36,1.0
473,46,3.8
278,9,2.6
226,42,1.4
139,43,3.7
159,33,5.0
298,45,2.0
172,26,5.0
16,6,4.1
5,53,2.0
239,78,1.0
324,68,2.8
178,10,5.0
331,32,4.0
95,35,1.8
269,42,3.5
124,85,3.1
317,85,4.8
354,54,4.1
382,78,2.3
490,2,2.8
115,39,1.0
489,97,1.6
211,2,5.0
78,35,5.0
303,8,2.6
450,75,2.3
52,99,5.0
80,40,5.0
65,32,5.0
459,43,2.4
287,2,4.5
118,15,5.0
288,98,1.0
155,19,5.0
476,14,4.7
27,6,5.0
55,73,3.6
269,94,3.6
221,21,3.5
117,33,2.6
466,99,3.1
139,34,3.4
152,30,3.5
429,51,1.0
79,4,1.8
123,0,4.4
166,16,5.0
22,32,2.6
462,17,5.0
51,61,5.0
483,61,4.0
331,87,4.0
455,52,4.5
452,70,5.0
205,9,1.5
179,22,5.0
209,44,5.0
242,42,2.1
320,58,2.3
141,80,4.5
231,94,3.1
57,61,5.0
133,59,4.1
266,3,4.1
401,65,3.9
401,82,4.7
457,90,4.6
307,48,2.7
222,29,1.0
71,74,1.6
400,11,4.6
413,70,3.9
379,88,2.8
231,85,4.6
122,37,3.9
373,10,5.0
388,6,5.0
125,14,2.2
314,20,5.0
16,23,1.0
139,64,2.8
348,32,4.8
438,67,4.7
13,75,2.4
303,54,3.6
93,79,2.1
400,56,3.9
144,61,5.0
381,76,1.6
199,94,5.0
264,62,2.1
367,86,3.2
342,61,5.0
255,67,3.9
247,79,3.3
85,58,1.2
197,67,3.0
